Orthopedic Medical Power Tools Twist Drill Bit,5,20,20,Pieces,400.0,http://www.alibaba.com/product-detail/Orthopedic-Medical-Power-Tools-Twist-Drill_654278809.html?s=p,China (Mainland),"Shanghai Ortho King Medical Device Co., Ltd.",http___i01.i.aliimg.com_photo_v5_654278809_Orthopedic_Medical_Power_Tools_Twist_Drill_Bit.jpg,US $5-20 / Piece ( FOB Price),
Embedding Center,1830,1833,1,Piece,1833.0,http://www.alibaba.com/product-detail/Embedding-Center_1769368332.html,China (Mainland),"Sainty International Group Jiangsu Yangzhou Sumex Imp. & Exp. Co., Ltd.",http___i00.i.aliimg.com_photo_v0_1769368332_Embedding_Center.jpg,US $1830-1833 / Set ( FOB Price),
High performance YSXJ-01 Medical Surgical oscillating saw,0,5000,1,Set,5000.0,http://www.alibaba.com/product-detail/High-performance-YSXJ-01-Medical-Surgical_937362143.html,China (Mainland),"Guangzhou Yueshen Import & Export Co., Ltd.",http___i01.i.aliimg.com_photo_v8_937362143_High_performance_YSXJ_01_Medical_Surgical_oscillating.jpg,US $0-5000 / Set ( FOB Price),
Surgical Power Swing saw,50,800,1,Piece,800.0,http://www.alibaba.com/product-detail/Surgical-Power-Swing-saw_1428051706.html,China (Mainland),"Guangzhou Huashan Medical Device Co., Ltd.",http___i00.i.aliimg.com_photo_v126_1428051706_1_Surgical_Power_Swing_saw.jpg,US $50-800 / Piece ( FOB Price),
"Drill Tools,Medical Instrument accessory",5,20,20,Pieces,400.0,http://www.alibaba.com/product-detail/Drill-Tools-Medical-Instrument-accessory_668319757.html,China (Mainland),"Shanghai Ortho King Medical Device Co., Ltd.",http___i01.i.aliimg.com_photo_v1_668319757_Drill_Tools_Medical_Instrument_accessory.jpg,US $5-20 / Piece ( FOB Price),
sternum saw/medical electric drill,500,1000,1,Set,1000.0,http://www.alibaba.com/product-detail/sternum-saw-medical-electric-drill_309479626.html,China (Mainland),"Jintan Huida Medical Equipment Co., Ltd.",http___i00.i.aliimg.com_photo_v7_309479626_sternum_saw_medical_electric_drill.jpg,US $500-1000 / Set ( FOB Price),
forearm arm sling,1,5,1000,Pieces,5000.0,http://www.alibaba.com/product-detail/forearm-arm-sling_271407480.html,China (Mainland),"Hengshui Tianjian Health Supplies Co., Ltd.",http___i00.i.aliimg.com_photo_v0_271407480_forearm_arm_sling.jpg,US $1-5 / Piece ( FOB Price),
Microtome,530,533,1,Piece,533.0,http://www.alibaba.com/product-detail/Microtome_1766505669.html,China (Mainland),"Sainty International Group Jiangsu Yangzhou Sumex Imp. & Exp. Co., Ltd.",http___i01.i.aliimg.com_photo_v1_1766505669_Microtome.jpg,US $530-533 / Set ( FOB Price),
Surgical Power Swing saw,50,1000,1,Piece,1000.0,http://www.alibaba.com/product-detail/Surgical-Power-Swing-saw_1250461470.html,China (Mainland),"Guangzhou Huashan Medical Device Co., Ltd.",http___i00.i.aliimg.com_photo_v132_1250461470_1_Surgical_Power_Swing_saw.jpg,US $50-1000 / Piece ( FOB Price),
High performance YSXJ-01 Surgical Oscillating Saw for medical orthopedic saw,0,5000,1,Set,5000.0,http://www.alibaba.com/product-detail/High-performance-YSXJ-01-Surgical-Oscillating_937396474.html,China (Mainland),"Guangzhou Yueshen Import & Export Co., Ltd.",http___i00.i.aliimg.com_photo_v8_937396474_High_performance_YSXJ_01_Surgical_Oscillating_Saw.jpg,US $0-5000 / Set ( FOB Price),
cranial drill and milling/ neurosurgery drill/ surgical skull drill,1000,2000,1,Set,2000.0,http://www.alibaba.com/product-detail/cranial-drill-and-milling-neurosurgery-drill_688532513.html,China (Mainland),"Jintan Huida Medical Equipment Co., Ltd.",http___i01.i.aliimg.com_photo_v3_688532513_cranial_drill_and_milling_neurosurgery_drill_surgical.jpg,US $1000-2000 / Set ( FOB Price),
Brain saw for Surgery Electric Skull Bur Saw,1000,1500,1,Piece,1500.0,http://www.alibaba.com/product-detail/Brain-saw-for-Surgery-Electric-Skull_659620022.html,China (Mainland),"Shanghai Ortho King Medical Device Co., Ltd.",http___i00.i.aliimg.com_photo_v2_659620022_Brain_saw_for_Surgery_Electric_Skull_Bur.jpg,US $1000-1500 / Piece ( FOB Price),
Tissue Processor,600,1500,1,Piece,1500.0,http://www.alibaba.com/product-detail/Tissue-Processor_1780923408.html,China (Mainland),"Sainty International Group Jiangsu Yangzhou Sumex Imp. & Exp. Co., Ltd.",http___i00.i.aliimg.com_photo_v0_1780923408_Tissue_Processor.jpg,US $600-1500 / Set ( FOB Price),
High performance YSDJ-03 medical orthopedic saw,0,5000,1,Set,5000.0,http://www.alibaba.com/product-detail/High-performance-YSDJ-03-medical-orthopedic_937410363.html,China (Mainland),"Guangzhou Yueshen Import & Export Co., Ltd.",http___i01.i.aliimg.com_photo_v8_937410363_High_performance_YSDJ_03_medical_orthopedic_saw.jpg,US $0-5000 / Set ( FOB Price),
GIGLI Saw,1,5,5,Pieces,25.0,http://www.alibaba.com/product-detail/GIGLI-Saw_857504446.html,China (Mainland),"Jintan Huida Medical Equipment Co., Ltd.",http___i00.i.aliimg.com_photo_v0_857504446_GIGLI_Saw.jpg,US $1-5 / Piece ( FOB Price),
Electric Cranial Drill for cranial,500,1000,1,Piece,1000.0,http://www.alibaba.com/product-detail/Electric-Cranial-Drill-for-cranial_676809932.html,China (Mainland),"Shanghai Ortho King Medical Device Co., Ltd.",http___i00.i.aliimg.com_photo_v2_676809932_Electric_Cranial_Drill_for_cranial.jpg,US $500-1000 / Piece ( FOB Price),
Flotation Workstation,1000,3000,1,Piece,3000.0,http://www.alibaba.com/product-detail/Flotation-Workstation_1769427309.html,China (Mainland),"Sainty International Group Jiangsu Yangzhou Sumex Imp. & Exp. Co., Ltd.",http___i01.i.aliimg.com_photo_v0_1769427309_Flotation_Workstation.jpg,US $1000-3000 / Set ( FOB Price),
Embedding Center,1833,2000,1,Piece,2000.0,http://www.alibaba.com/product-detail/Embedding-Center_1766546008.html,China (Mainland),"Sainty International Group Jiangsu Yangzhou Sumex Imp. & Exp. Co., Ltd.",http___i00.i.aliimg.com_photo_v0_1766546008_Embedding_Center.jpg,US $1833-2000 / Set ( FOB Price),
Embedding Center,2800,3000,1,Piece,3000.0,http://www.alibaba.com/product-detail/Embedding-Center_1766547604.html,China (Mainland),"Sainty International Group Jiangsu Yangzhou Sumex Imp. & Exp. Co., Ltd.",http___i00.i.aliimg.com_photo_v0_1766547604_Embedding_Center.jpg,US $2800-3000 / Set ( FOB Price),
Embedding System,2600,3000,1,Piece,3000.0,http://www.alibaba.com/product-detail/Embedding-System_1766517110.html,China (Mainland),"Sainty International Group Jiangsu Yangzhou Sumex Imp. & Exp. Co., Ltd.",http___i00.i.aliimg.com_photo_v0_1766517110_Embedding_System.jpg,US $2600-3000 / Set ( FOB Price),
Embedding Center,2000,2166,1,Piece,2166.0,http://www.alibaba.com/product-detail/Embedding-Center_1766517164.html,China (Mainland),"Sainty International Group Jiangsu Yangzhou Sumex Imp. & Exp. Co., Ltd.",http___i00.i.aliimg.com_photo_v0_1766517164_Embedding_Center.jpg,US $2000-2166 / Set ( FOB Price),
Embedding Center,2800,3000,1,Piece,3000.0,http://www.alibaba.com/product-detail/Embedding-Center_1766536995.html,China (Mainland),"Sainty International Group Jiangsu Yangzhou Sumex Imp. & Exp. Co., Ltd.",http___i01.i.aliimg.com_photo_v0_1766536995_Embedding_Center.jpg,US $2800-3000 / Set ( FOB Price),
Workstation,416,520,1,Piece,520.0,http://www.alibaba.com/product-detail/Workstation_1780862651.html,China (Mainland),"Sainty International Group Jiangsu Yangzhou Sumex Imp. & Exp. Co., Ltd.",http___i01.i.aliimg.com_photo_v0_1780862651_Workstation.jpg,US $416-520 / Set ( FOB Price),
Tissue Proccessor,500,1200,1,Piece,1200.0,http://www.alibaba.com/product-detail/Tissue-Proccessor_1795622365.html,China (Mainland),"Sainty International Group Jiangsu Yangzhou Sumex Imp. & Exp. Co., Ltd.",http___i01.i.aliimg.com_photo_v1_1795622365_Tissue_Proccessor.jpg,US $500-1200 / Set ( FOB Price),
Ultrasound Processor,800,1000,1,Piece,1000.0,http://www.alibaba.com/product-detail/Ultrasound-Processor_1798924431.html,China (Mainland),"Sainty International Group Jiangsu Yangzhou Sumex Imp. & Exp. Co., Ltd.",http___i01.i.aliimg.com_photo_v0_1798924431_Ultrasound_Processor.jpg,US $800-1000 / Set ( FOB Price),
slices cabine,800,1800,1,Piece,1800.0,http://www.alibaba.com/product-detail/slices-cabine_1798924509.html,China (Mainland),"Sainty International Group Jiangsu Yangzhou Sumex Imp. & Exp. Co., Ltd.",http___i01.i.aliimg.com_photo_v0_1798924509_slices_cabine.jpg,US $800-1800 / Set ( FOB Price),
Microtome,1999,2000,1,Piece,2000.0,http://www.alibaba.com/product-detail/Microtome_1766501724.html,China (Mainland),"Sainty International Group Jiangsu Yangzhou Sumex Imp. & Exp. Co., Ltd.",http___i00.i.aliimg.com_photo_v0_1766501724_Microtome.jpg,US $1999-2000 / Set ( FOB Price),
Dual purpose,600,1438,1,Piece,1438.0,http://www.alibaba.com/product-detail/Dual-purpose_1780888854.html,China (Mainland),"Sainty International Group Jiangsu Yangzhou Sumex Imp. & Exp. Co., Ltd.",http___i00.i.aliimg.com_photo_v0_1780888854_Dual_purpose.jpg,US $600-1438 / Set ( FOB Price),
Tissue Proccessor,600,1200,1,Piece,1200.0,http://www.alibaba.com/product-detail/Tissue-Proccessor_1795648689.html,China (Mainland),"Sainty International Group Jiangsu Yangzhou Sumex Imp. & Exp. Co., Ltd.",http___i01.i.aliimg.com_photo_v0_1795648689_Tissue_Proccessor.jpg,US $600-1200 / Set ( FOB Price),
Flotation Workstation,400,500,1,Piece,500.0,http://www.alibaba.com/product-detail/Flotation-Workstation_1780870488.html,China (Mainland),"Sainty International Group Jiangsu Yangzhou Sumex Imp. & Exp. Co., Ltd.",http___i00.i.aliimg.com_photo_v0_1780870488_Flotation_Workstation.jpg,US $400-500 / Set ( FOB Price),
Slide stainer,800,1500,1,Piece,1500.0,http://www.alibaba.com/product-detail/Slide-stainer_1795594284.html,China (Mainland),"Sainty International Group Jiangsu Yangzhou Sumex Imp. & Exp. Co., Ltd.",http___i00.i.aliimg.com_photo_v0_1795594284_Slide_stainer.jpg,US $800-1500 / Set ( FOB Price),
Tissue Processor,600,1438,1,Piece,1438.0,http://www.alibaba.com/product-detail/Tissue-Processor_1780917533.html,China (Mainland),"Sainty International Group Jiangsu Yangzhou Sumex Imp. & Exp. Co., Ltd.",http___i01.i.aliimg.com_photo_v0_1780917533_Tissue_Processor.jpg,US $600-1438 / Set ( FOB Price),
Slide stainer,800,1500,1,Piece,1500.0,http://www.alibaba.com/product-detail/Slide-stainer_1780923510.html,China (Mainland),"Sainty International Group Jiangsu Yangzhou Sumex Imp. & Exp. Co., Ltd.",http___i00.i.aliimg.com_photo_v1_1780923510_Slide_stainer.jpg,US $800-1500 / Set ( FOB Price),
Flotation Workstation,833,850,1,Piece,850.0,http://www.alibaba.com/product-detail/Flotation-Workstation_1769435179.html,China (Mainland),"Sainty International Group Jiangsu Yangzhou Sumex Imp. & Exp. Co., Ltd.",http___i01.i.aliimg.com_photo_v0_1769435179_Flotation_Workstation.jpg,US $833-850 / Set ( FOB Price),
Histo-Trimmer,800,1500,1,Piece,1500.0,http://www.alibaba.com/product-detail/Histo-Trimmer_1780871157.html,China (Mainland),"Sainty International Group Jiangsu Yangzhou Sumex Imp. & Exp. Co., Ltd.",http___i01.i.aliimg.com_photo_v0_1780871157_Histo_Trimmer.jpg,US $800-1500 / Set ( FOB Price),
Conserving Table,533,535,1,Piece,535.0,http://www.alibaba.com/product-detail/Conserving-Table_1769424604.html,China (Mainland),"Sainty International Group Jiangsu Yangzhou Sumex Imp. & Exp. Co., Ltd.",http___i00.i.aliimg.com_photo_v0_1769424604_Conserving_Table.jpg,US $533-535 / Set ( FOB Price),"Place of Origin: CN;JIA
																																												; Brand Name: SAINTY
																																												; Type: Saw
																																												; Properties: Neurosurgery Instruments
																																												; Model Number: ST-BC"
Slide dryer,416,500,1,Piece,500.0,http://www.alibaba.com/product-detail/Slide-dryer_1769486847.html,China (Mainland),"Sainty International Group Jiangsu Yangzhou Sumex Imp. & Exp. Co., Ltd.",http___i01.i.aliimg.com_photo_v0_1769486847_Slide_dryer.jpg,US $416-500 / Set ( FOB Price),"Place of Origin: CN;JIA
																																												; Brand Name: SAINTY
																																												; Type: Saw
																																												; Properties: Neurosurgery Instruments
																																												; Model Number: ST-H1"
Cryo-plate,1800,1810,1,Piece,1810.0,http://www.alibaba.com/product-detail/Cryo-plate_1769383004.html,China (Mainland),"Sainty International Group Jiangsu Yangzhou Sumex Imp. & Exp. Co., Ltd.",http___i00.i.aliimg.com_photo_v0_1769383004_Cryo_plate.jpg,US $1800-1810 / Set ( FOB Price),"Place of Origin: CN;JIA
																																												; Brand Name: SAINTY
																																												; Type: Saw
																																												; Properties: Neurosurgery Instruments
																																												; Model Number: ST-BL3"
Rechargeable Autoclavable Sternal Saw for Thoracotomy,595,650,1,Piece,650.0,http://www.alibaba.com/product-detail/Rechargeable-Autoclavable-Sternal-Saw-for-Thoracotomy_1107807542.html,China (Mainland),"Wuhu Ruijin Medical Instrument & Device Co., Ltd.",http___i00.i.aliimg.com_photo_v0_1107807542_Rechargeable_Autoclavable_Sternal_Saw_for_Thoracotomy.jpg,US $595-650 / Piece ( FOB Price),
Medical autoclavable Sternum saw,50,650,1,Piece,650.0,http://www.alibaba.com/product-detail/Medical-autoclavable-Sternum-saw_718814797.html,China (Mainland),"Wuhu Ruijin Medical Instrument & Device Co., Ltd.",http___i01.i.aliimg.com_photo_v1_718814797_Medical_autoclavable_Sternum_saw.jpg,US $50-650 / Piece ( FOB Price),
Medical autoclavable Sternum saw,50,650,1,Piece,650.0,http://www.alibaba.com/product-detail/Medical-autoclavable-Sternum-saw_716112302.html,China (Mainland),"Wuhu Ruijin Medical Instrument & Device Co., Ltd.",http___i00.i.aliimg.com_photo_v0_716112302_Medical_autoclavable_Sternum_saw.jpg,US $50-650 / Piece ( FOB Price),
Medical autoclavable Sternum saw,595,650,1,Piece,650.0,http://www.alibaba.com/product-detail/Medical-autoclavable-Sternum-saw_716109334.html,China (Mainland),"Wuhu Ruijin Medical Instrument & Device Co., Ltd.",http___i00.i.aliimg.com_photo_v0_716109334_Medical_autoclavable_Sternum_saw.jpg,US $595-650 / Piece ( FOB Price),
Medical Equipments Rechargeable Autoclavable sternum saw,50,650,1,Piece,650.0,http://www.alibaba.com/product-detail/Medical-Equipments-Rechargeable-Autoclavable-sternum-saw_587375272.html,China (Mainland),"Wuhu Ruijin Medical Instrument & Device Co., Ltd.",http___i00.i.aliimg.com_photo_v5_587375272_Medical_Equipments_Rechargeable_Autoclavable_sternum_saw.jpg,US $50-650 / Piece ( FOB Price),
Medical Equipments Rechargeable Autoclavable sternum saw,595,650,1,Piece,650.0,http://www.alibaba.com/product-detail/Medical-Equipments-Rechargeable-Autoclavable-sternum-saw_706184821.html,China (Mainland),"Wuhu Ruijin Medical Instrument & Device Co., Ltd.",http___i01.i.aliimg.com_photo_v0_706184821_Medical_Equipments_Rechargeable_Autoclavable_sternum_saw.jpg,US $595-650 / Piece ( FOB Price),
Medical Equipments Rechargeable Autoclavable sternum saw,595,650,1,Piece,650.0,http://www.alibaba.com/product-detail/Medical-Equipments-Rechargeable-Autoclavable-sternum-saw_697977479.html,China (Mainland),"Wuhu Ruijin Medical Instrument & Device Co., Ltd.",http___i01.i.aliimg.com_photo_v0_697977479_Medical_Equipments_Rechargeable_Autoclavable_sternum_saw.jpg,US $595-650 / Piece ( FOB Price),
RJX12-190 Sternum saw,595,650,1,Piece,650.0,http://www.alibaba.com/product-detail/RJX12-190-Sternum-saw_600995388.html,China (Mainland),"Wuhu Ruijin Medical Instrument & Device Co., Ltd.",http___i00.i.aliimg.com_photo_v2_600995388_RJX12_190_Sternum_saw.jpg,US $595-650 / Piece ( FOB Price),
Medical Equipments Rechargeable Autoclavable sternum saw,595,650,1,Piece,650.0,http://www.alibaba.com/product-detail/Medical-Equipments-Rechargeable-Autoclavable-sternum-saw_587395016.html,China (Mainland),"Wuhu Ruijin Medical Instrument & Device Co., Ltd.",http___i00.i.aliimg.com_photo_v2_587395016_Medical_Equipments_Rechargeable_Autoclavable_sternum_saw.jpg,US $595-650 / Piece ( FOB Price),
RJX-12-108 Medical Equipments Rechargeable Autoclavable sternum saw,595,650,1,Piece,650.0,http://www.alibaba.com/product-detail/RJX-12-108-Medical-Equipments-Rechargeable_634826865.html,China (Mainland),"Wuhu Ruijin Medical Instrument & Device Co., Ltd.",http___i01.i.aliimg.com_photo_v1_634826865_RJX_12_108_Medical_Equipments_Rechargeable_Autoclavable.jpg,US $595-650 / Piece ( FOB Price),
Ruijin -Medical Equipments Cranial Drill for Thoracotomy,595,650,1,Piece,650.0,http://www.alibaba.com/product-detail/Ruijin-Medical-Equipments-Cranial-Drill-for_611521043.html,China (Mainland),"Wuhu Ruijin Medical Instrument & Device Co., Ltd.",http___i01.i.aliimg.com_photo_v1_611521043_Ruijin_Medical_Equipments_Cranial_Drill_for_Thoracotomy.jpg,US $595-650 / Piece ( FOB Price),
Ruijin-EC1003 Medical Stainless Steel Autoclavable Cranial Drill for Thoracotomy,595,650,1,Piece,650.0,http://www.alibaba.com/product-detail/Ruijin-EC1003-Medical-Stainless-Steel-Autoclavable_595713664.html,China (Mainland),"Wuhu Ruijin Medical Instrument & Device Co., Ltd.",http___i00.i.aliimg.com_photo_v1_595713664_Ruijin_EC1003_Medical_Stainless_Steel_Autoclavable_Cranial.jpg,US $595-650 / Piece ( FOB Price),
RJS Medical drill orthopedic instruments Thoracic Saw,595,650,1,Piece,650.0,http://www.alibaba.com/product-detail/RJS-Medical-drill-orthopedic-instruments-Thoracic_662400022.html,China (Mainland),"Wuhu Ruijin Medical Instrument & Device Co., Ltd.",http___i00.i.aliimg.com_photo_v0_662400022_RJS_Medical_drill_orthopedic_instruments_Thoracic_Saw.jpg,US $595-650 / Piece ( FOB Price),
Medical Equipments Rechargeable Autoclavable Cranial Drill for Thoracotomy,595,650,1,Piece,650.0,http://www.alibaba.com/product-detail/Medical-Equipments-Rechargeable-Autoclavable-Cranial-Drill_577916997.html,China (Mainland),"Wuhu Ruijin Medical Instrument & Device Co., Ltd.",http___i01.i.aliimg.com_photo_v2_577916997_Medical_Equipments_Rechargeable_Autoclavable_Cranial_Drill_for.jpg,US $595-650 / Piece ( FOB Price),
WHRJ12-48 Medical Stainless Steel Autoclavable Cranial Drill for Thoracotomy,595,650,1,Piece,650.0,http://www.alibaba.com/product-detail/WHRJ12-48-Medical-Stainless-Steel-Autoclavable_609632217.html,China (Mainland),"Wuhu Ruijin Medical Instrument & Device Co., Ltd.",http___i01.i.aliimg.com_photo_v1_609632217_WHRJ12_48_Medical_Stainless_Steel_Autoclavable_Cranial.jpg,US $595-650 / Piece ( FOB Price),
WHRJ Medical Equipments Rechargeable Autoclavable Cranial Drill for Thoracotomy,595,650,1,Piece,650.0,http://www.alibaba.com/product-detail/WHRJ-Medical-Equipments-Rechargeable-Autoclavable-Cranial_591441865.html,China (Mainland),"Wuhu Ruijin Medical Instrument & Device Co., Ltd.",http___i01.i.aliimg.com_photo_v2_591441865_WHRJ_Medical_Equipments_Rechargeable_Autoclavable_Cranial_Drill.jpg,US $595-650 / Piece ( FOB Price),
RJJZ Medical Equipments Autoclavable sternum saw,595,650,1,Piece,650.0,http://www.alibaba.com/product-detail/RJJZ-Medical-Equipments-Autoclavable-sternum-saw_646175206.html,China (Mainland),"Wuhu Ruijin Medical Instrument & Device Co., Ltd.",http___i00.i.aliimg.com_photo_v0_646175206_RJJZ_Medical_Equipments_Autoclavable_sternum_saw.jpg,US $595-650 / Piece ( FOB Price),
Ruijin Medical Equipments Rechargeable Autoclavable Cranial Drill for Thoracotomy,595,650,1,Piece,650.0,http://www.alibaba.com/product-detail/Ruijin-Medical-Equipments-Rechargeable-Autoclavable-Cranial_590838860.html,China (Mainland),"Wuhu Ruijin Medical Instrument & Device Co., Ltd.",http___i00.i.aliimg.com_photo_v8_590838860_Ruijin_Medical_Equipments_Rechargeable_Autoclavable_Cranial_Drill.jpg,US $595-650 / Piece ( FOB Price),
RJS Autoclavable Sternum Saw for Thoracotomy,595,650,1,Piece,650.0,http://www.alibaba.com/product-detail/RJS-Autoclavable-Sternum-Saw-for-Thoracotomy_664197428.html,China (Mainland),"Wuhu Ruijin Medical Instrument & Device Co., Ltd.",http___i00.i.aliimg.com_photo_v0_664197428_RJS_Autoclavable_Sternum_Saw_for_Thoracotomy.jpg,US $595-650 / Piece ( FOB Price),
RJX-12-89 Medical Stainless Steel Autoclavable Cranial Drill for Thoracotomy,595,650,1,Piece,650.0,http://www.alibaba.com/product-detail/RJX-12-89-Medical-Stainless-Steel_656963624.html,China (Mainland),"Wuhu Ruijin Medical Instrument & Device Co., Ltd.",http___i00.i.aliimg.com_photo_v1_656963624_RJX_12_89_Medical_Stainless_Steel_Autoclavable.jpg,US $595-650 / Piece ( FOB Price),
Brain Surgery Cranial Saw,1000,1500,1,Piece,1500.0,http://www.alibaba.com/product-detail/Brain-Surgery-Cranial-Saw_659627824.html,China (Mainland),"Shanghai Ortho King Medical Device Co., Ltd.",http___i00.i.aliimg.com_photo_v2_659627824_Brain_Surgery_Cranial_Saw.jpg,US $1000-1500 / Piece ( FOB Price),
Orthopedics Bone Drill bits,5,20,20,Pieces,400.0,http://www.alibaba.com/product-detail/Orthopedics-Bone-Drill-bits_798289442.html,China (Mainland),"Shanghai Ortho King Medical Device Co., Ltd.",http___i00.i.aliimg.com_photo_v1_798289442_Orthopedics_Bone_Drill_bits.jpg,US $5-20 / Piece ( FOB Price),
Sterilization Medical Cranial drill for Craniotomy,1000,1500,1,Piece,1500.0,http://www.alibaba.com/product-detail/Sterilization-Medical-Cranial-drill-for-Craniotomy_643922721.html,China (Mainland),"Shanghai Ortho King Medical Device Co., Ltd.",http___i01.i.aliimg.com_photo_v3_643922721_Sterilization_Medical_Cranial_drill_for_Craniotomy.jpg,US $1000-1500 / Piece ( FOB Price),
Craniotomy Medical Steel Cranial Bur,1000,1500,1,Piece,1500.0,http://www.alibaba.com/product-detail/Craniotomy-Medical-Steel-Cranial-Bur_651970856.html,China (Mainland),"Shanghai Ortho King Medical Device Co., Ltd.",http___i00.i.aliimg.com_photo_v1_651970856_Craniotomy_Medical_Steel_Cranial_Bur.jpg,US $1000-1500 / Piece ( FOB Price),
Medical A.O. Drive Drills Bit for orthopedic drill bits,5,20,20,Pieces,400.0,http://www.alibaba.com/product-detail/Medical-A-O-Drive-Drills-Bit_654799680.html,China (Mainland),"Shanghai Ortho King Medical Device Co., Ltd.",http___i00.i.aliimg.com_photo_v4_654799680_Medical_A_O_Drive_Drills_Bit_for.jpg,US $5-20 / Piece ( FOB Price),
Electric Cranial Bur to Cranial bur,1000,1500,1,Piece,1500.0,http://www.alibaba.com/product-detail/Electric-Cranial-Bur-to-Cranial-bur_676811883.html,China (Mainland),"Shanghai Ortho King Medical Device Co., Ltd.",http___i01.i.aliimg.com_photo_v1_676811883_Electric_Cranial_Bur_to_Cranial_bur.jpg,US $1000-1500 / Piece ( FOB Price),
Stainless steel Orthopaedic Bone Drill bits,5,20,20,Pieces,400.0,http://www.alibaba.com/product-detail/Stainless-steel-Orthopaedic-Bone-Drill-bits_798300670.html,China (Mainland),"Shanghai Ortho King Medical Device Co., Ltd.",http___i00.i.aliimg.com_photo_v1_798300670_Stainless_steel_Orthopaedic_Bone_Drill_bits.jpg,US $5-20 / Piece ( FOB Price),
Orthopedic Medical Power Tools Twist Drill Bit,5,20,20,Pieces,400.0,http://www.alibaba.com/product-detail/Orthopedic-Medical-Power-Tools-Twist-Drill_654278809.html,China (Mainland),"Shanghai Ortho King Medical Device Co., Ltd.",http___i01.i.aliimg.com_photo_v5_654278809_Orthopedic_Medical_Power_Tools_Twist_Drill_Bit.jpg,US $5-20 / Piece ( FOB Price),
Orthopedic Plain Shank orthopaedic Drills Bit,5,20,20,Pieces,400.0,http://www.alibaba.com/product-detail/Orthopedic-Plain-Shank-orthopaedic-Drills-Bit_654825373.html,China (Mainland),"Shanghai Ortho King Medical Device Co., Ltd.",http___i01.i.aliimg.com_photo_v4_654825373_Orthopedic_Plain_Shank_orthopaedic_Drills_Bit.jpg,US $5-20 / Piece ( FOB Price),
Craniotomy Medical Electric Cranial surgical burs,500,1000,1,Piece,1000.0,http://www.alibaba.com/product-detail/Craniotomy-Medical-Electric-Cranial-surgical-burs_657357027.html,China (Mainland),"Shanghai Ortho King Medical Device Co., Ltd.",http___i01.i.aliimg.com_photo_v1_657357027_Craniotomy_Medical_Electric_Cranial_surgical_burs.jpg,US $500-1000 / Piece ( FOB Price),
Electric Bur Saw Neurosurgery operation instrument,1000,1500,1,Piece,1500.0,http://www.alibaba.com/product-detail/Electric-Bur-Saw-Neurosurgery-operation-instrument_830146137.html,China (Mainland),"Shanghai Ortho King Medical Device Co., Ltd.",http___i01.i.aliimg.com_photo_v0_830146137_Electric_Bur_Saw_Neurosurgery_operation_instrument.jpg,US $1000-1500 / Piece ( FOB Price),
Medical AO Twist Drill Bit bone drill bits,5,20,20,Pieces,400.0,http://www.alibaba.com/product-detail/Medical-AO-Twist-Drill-Bit-bone_649453148.html,China (Mainland),"Shanghai Ortho King Medical Device Co., Ltd.",http___i00.i.aliimg.com_photo_v5_649453148_Medical_AO_Twist_Drill_Bit_bone_drill.jpg,US $5-20 / Piece ( FOB Price),
Neurosurgery Surgery Electric Brainpan Bur Saw,1000,1500,1,Piece,1500.0,http://www.alibaba.com/product-detail/Neurosurgery-Surgery-Electric-Brainpan-Bur-Saw_659654975.html,China (Mainland),"Shanghai Ortho King Medical Device Co., Ltd.",http___i01.i.aliimg.com_photo_v1_659654975_Neurosurgery_Surgery_Electric_Brainpan_Bur_Saw.jpg,US $1000-1500 / Piece ( FOB Price),
Neurosurgery Surgery Electric Skull Bur Drill,1000,1500,1,Piece,1500.0,http://www.alibaba.com/product-detail/Neurosurgery-Surgery-Electric-Skull-Bur-Drill_659657946.html,China (Mainland),"Shanghai Ortho King Medical Device Co., Ltd.",http___i00.i.aliimg.com_photo_v1_659657946_Neurosurgery_Surgery_Electric_Skull_Bur_Drill.jpg,US $1000-1500 / Piece ( FOB Price),
Orthopedic Surgery Electric Cranial Bur Drill,1000,1500,1,Piece,1500.0,http://www.alibaba.com/product-detail/Orthopedic-Surgery-Electric-Cranial-Bur-Drill_659657958.html,China (Mainland),"Shanghai Ortho King Medical Device Co., Ltd.",http___i00.i.aliimg.com_photo_v1_659657958_Orthopedic_Surgery_Electric_Cranial_Bur_Drill.jpg,US $1000-1500 / Piece ( FOB Price),
Brain Surgery Electric Braincase Bur Saw,1000,1500,1,Piece,1500.0,http://www.alibaba.com/product-detail/Brain-Surgery-Electric-Braincase-Bur-Saw_659654972.html,China (Mainland),"Shanghai Ortho King Medical Device Co., Ltd.",http___i00.i.aliimg.com_photo_v1_659654972_Brain_Surgery_Electric_Braincase_Bur_Saw.jpg,US $1000-1500 / Piece ( FOB Price),
Neurosurgery Instruments Cranial Saw,1000,1500,1,Piece,1500.0,http://www.alibaba.com/product-detail/Neurosurgery-Instruments-Cranial-Saw_651786840.html,China (Mainland),"Shanghai Ortho King Medical Device Co., Ltd.",http___i00.i.aliimg.com_photo_v1_651786840_Neurosurgery_Instruments_Cranial_Saw.jpg,US $1000-1500 / Piece ( FOB Price),
Neurosurgery Instruments Cranial bur,1000,1500,1,Piece,1500.0,http://www.alibaba.com/product-detail/Neurosurgery-Instruments-Cranial-bur_651812605.html,China (Mainland),"Shanghai Ortho King Medical Device Co., Ltd.",http___i01.i.aliimg.com_photo_v2_651812605_Neurosurgery_Instruments_Cranial_bur.jpg,US $1000-1500 / Piece ( FOB Price),
Brain Surgery Electric Brainpan Bur Saw,1000,1500,1,Piece,1500.0,http://www.alibaba.com/product-detail/Brain-Surgery-Electric-Brainpan-Bur-Saw_659654973.html,China (Mainland),"Shanghai Ortho King Medical Device Co., Ltd.",http___i01.i.aliimg.com_photo_v1_659654973_Brain_Surgery_Electric_Brainpan_Bur_Saw.jpg,US $1000-1500 / Piece ( FOB Price),
Brain Surgery Electric Cranium Bur Saw,1000,1500,1,Piece,1500.0,http://www.alibaba.com/product-detail/Brain-Surgery-Electric-Cranium-Bur-Saw_659654969.html,China (Mainland),"Shanghai Ortho King Medical Device Co., Ltd.",http___i01.i.aliimg.com_photo_v1_659654969_Brain_Surgery_Electric_Cranium_Bur_Saw.jpg,US $1000-1500 / Piece ( FOB Price),
Brain Surgery Electric Scull Bur Saw,1000,1500,1,Piece,1500.0,http://www.alibaba.com/product-detail/Brain-Surgery-Electric-Scull-Bur-Saw_830191948.html,China (Mainland),"Shanghai Ortho King Medical Device Co., Ltd.",http___i00.i.aliimg.com_photo_v0_830191948_Brain_Surgery_Electric_Scull_Bur_Saw.jpg,US $1000-1500 / Piece ( FOB Price),
stainless steel bone drill bits,5,20,20,Pieces,400.0,http://www.alibaba.com/product-detail/stainless-steel-bone-drill-bits_798212098.html,China (Mainland),"Shanghai Ortho King Medical Device Co., Ltd.",http___i00.i.aliimg.com_photo_v1_798212098_stainless_steel_bone_drill_bits.jpg,US $5-20 / Piece ( FOB Price),
Orthopaedic Bone Drill bit,5,20,20,Pieces,400.0,http://www.alibaba.com/product-detail/Orthopaedic-Bone-Drill-bit_798285781.html,China (Mainland),"Shanghai Ortho King Medical Device Co., Ltd.",http___i01.i.aliimg.com_photo_v1_798285781_Orthopaedic_Bone_Drill_bit.jpg,US $5-20 / Piece ( FOB Price),
Stainless medical drill bits,5,20,20,Pieces,400.0,http://www.alibaba.com/product-detail/Stainless-medical-drill-bits_718836940.html,China (Mainland),"Shanghai Ortho King Medical Device Co., Ltd.",http___i00.i.aliimg.com_photo_v2_718836940_Stainless_medical_drill_bits.jpg,US $5-20 / Piece ( FOB Price),
Craniotomy Surgery Skull Bur Saw,1000,1500,1,Piece,1500.0,http://www.alibaba.com/product-detail/Craniotomy-Surgery-Skull-Bur-Saw_831576548.html,China (Mainland),"Shanghai Ortho King Medical Device Co., Ltd.",http___i00.i.aliimg.com_photo_v0_831576548_Craniotomy_Surgery_Skull_Bur_Saw.jpg,US $1000-1500 / Piece ( FOB Price),
bone drill bits,5,20,20,Pieces,400.0,http://www.alibaba.com/product-detail/bone-drill-bits_798214650.html,China (Mainland),"Shanghai Ortho King Medical Device Co., Ltd.",http___i00.i.aliimg.com_photo_v1_798214650_bone_drill_bits.jpg,US $5-20 / Piece ( FOB Price),
OK05 orthopaedic drill bit,5,20,20,Pieces,400.0,http://www.alibaba.com/product-detail/OK05-orthopaedic-drill-bit_848232225.html,China (Mainland),"Shanghai Ortho King Medical Device Co., Ltd.",http___i01.i.aliimg.com_photo_v1_848232225_OK05_orthopaedic_drill_bit.jpg,US $5-20 / Piece ( FOB Price),
Craniotomy Cranial bur,1000,1500,1,Piece,1500.0,http://www.alibaba.com/product-detail/Craniotomy-Cranial-bur_649735594.html,China (Mainland),"Shanghai Ortho King Medical Device Co., Ltd.",http___i00.i.aliimg.com_photo_v1_649735594_Craniotomy_Cranial_bur.jpg,US $1000-1500 / Piece ( FOB Price),
OK05 orthopedics drill bit,5,20,20,Pieces,400.0,http://www.alibaba.com/product-detail/OK05-orthopedics-drill-bit_848232131.html,China (Mainland),"Shanghai Ortho King Medical Device Co., Ltd.",http___i01.i.aliimg.com_photo_v1_848232131_OK05_orthopedics_drill_bit.jpg,US $5-20 / Piece ( FOB Price),
surgical drill bits,5,20,20,Pieces,400.0,http://www.alibaba.com/product-detail/surgical-drill-bits_668317070.html,China (Mainland),"Shanghai Ortho King Medical Device Co., Ltd.",http___i00.i.aliimg.com_photo_v3_668317070_surgical_drill_bits.jpg,US $5-20 / Piece ( FOB Price),
AO bone drill bits,5,20,20,Pieces,400.0,http://www.alibaba.com/product-detail/AO-bone-drill-bits_798212318.html,China (Mainland),"Shanghai Ortho King Medical Device Co., Ltd.",http___i00.i.aliimg.com_photo_v1_798212318_AO_bone_drill_bits.jpg,US $5-20 / Piece ( FOB Price),
bone drill bit,5,20,20,Pieces,400.0,http://www.alibaba.com/product-detail/bone-drill-bit_798179908.html,China (Mainland),"Shanghai Ortho King Medical Device Co., Ltd.",http___i00.i.aliimg.com_photo_v1_798179908_bone_drill_bit.jpg,US $5-20 / Piece ( FOB Price),
Brain saw to sterilizer Electric Dill Bur,1000,1500,1,Piece,1500.0,http://www.alibaba.com/product-detail/Brain-saw-to-sterilizer-Electric-Dill_659610150.html,China (Mainland),"Shanghai Ortho King Medical Device Co., Ltd.",http___i00.i.aliimg.com_photo_v2_659610150_Brain_saw_to_sterilizer_Electric_Dill_Bur.jpg,US $1000-1500 / Piece ( FOB Price),
Electric Brain saw for Surgery Power Tools Bur,1000,1500,1,Piece,1500.0,http://www.alibaba.com/product-detail/Electric-Brain-saw-for-Surgery-Power_659651462.html,China (Mainland),"Shanghai Ortho King Medical Device Co., Ltd.",http___i00.i.aliimg.com_photo_v1_659651462_Electric_Brain_saw_for_Surgery_Power_Tools.jpg,US $1000-1500 / Piece ( FOB Price),
Electric Brain bur Surgery Brainpan Bur Saw,1000,1500,1,Piece,1500.0,http://www.alibaba.com/product-detail/Electric-Brain-bur-Surgery-Brainpan-Bur_659651452.html,China (Mainland),"Shanghai Ortho King Medical Device Co., Ltd.",http___i00.i.aliimg.com_photo_v1_659651452_Electric_Brain_bur_Surgery_Brainpan_Bur_Saw.jpg,US $1000-1500 / Piece ( FOB Price),
Electric Power Brain Surgery Orthopedic Bur,1000,1500,1,Piece,1500.0,http://www.alibaba.com/product-detail/Electric-Power-Brain-Surgery-Orthopedic-Bur_659639722.html,China (Mainland),"Shanghai Ortho King Medical Device Co., Ltd.",http___i00.i.aliimg.com_photo_v1_659639722_Electric_Power_Brain_Surgery_Orthopedic_Bur.jpg,US $1000-1500 / Piece ( FOB Price),
Electric Brain Surgery Braincase Bur Saw,1000,1500,1,Piece,1500.0,http://www.alibaba.com/product-detail/Electric-Brain-Surgery-Braincase-Bur-Saw_659651448.html,China (Mainland),"Shanghai Ortho King Medical Device Co., Ltd.",http___i00.i.aliimg.com_photo_v1_659651448_Electric_Brain_Surgery_Braincase_Bur_Saw.jpg,US $1000-1500 / Piece ( FOB Price),
Brain drill for Surgery Electric Scull Bur Saw,1000,1500,1,Piece,1500.0,http://www.alibaba.com/product-detail/Brain-drill-for-Surgery-Electric-Scull_659617067.html,China (Mainland),"Shanghai Ortho King Medical Device Co., Ltd.",http___i01.i.aliimg.com_photo_v1_659617067_Brain_drill_for_Surgery_Electric_Scull_Bur.jpg,US $1000-1500 / Piece ( FOB Price),
Sterilize drill bit for the orthopedics bits,5,20,20,Pieces,400.0,http://www.alibaba.com/product-detail/Sterilize-drill-bit-for-the-orthopedics_848106463.html,China (Mainland),"Shanghai Ortho King Medical Device Co., Ltd.",http___i01.i.aliimg.com_photo_v1_848106463_Sterilize_drill_bit_for_the_orthopedics_bits.jpg,US $5-20 / Piece ( FOB Price),
Electric Brain Surgery Orthopedic Bur Drill,1000,1500,1,Piece,1500.0,http://www.alibaba.com/product-detail/Electric-Brain-Surgery-Orthopedic-Bur-Drill_659627802.html,China (Mainland),"Shanghai Ortho King Medical Device Co., Ltd.",http___i00.i.aliimg.com_photo_v1_659627802_Electric_Brain_Surgery_Orthopedic_Bur_Drill.jpg,US $1000-1500 / Piece ( FOB Price),
Electric Brain Surgery Craniotomy Drill Bur,1000,1500,1,Piece,1500.0,http://www.alibaba.com/product-detail/Electric-Brain-Surgery-Craniotomy-Drill-Bur_659627820.html,China (Mainland),"Shanghai Ortho King Medical Device Co., Ltd.",http___i00.i.aliimg.com_photo_v1_659627820_Electric_Brain_Surgery_Craniotomy_Drill_Bur.jpg,US $1000-1500 / Piece ( FOB Price),
Stainless steel Medical Instrument accessory,5,20,20,Pieces,400.0,http://www.alibaba.com/product-detail/Stainless-steel-Medical-Instrument-accessory_668312019.html,China (Mainland),"Shanghai Ortho King Medical Device Co., Ltd.",http___i01.i.aliimg.com_photo_v1_668312019_Stainless_steel_Medical_Instrument_accessory.jpg,US $5-20 / Piece ( FOB Price),
Stainless steel Orthopedic Bone Drill bit,5,20,20,Pieces,400.0,http://www.alibaba.com/product-detail/Stainless-steel-Orthopedic-Bone-Drill-bit_798300718.html,China (Mainland),"Shanghai Ortho King Medical Device Co., Ltd.",http___i00.i.aliimg.com_photo_v0_798300718_Stainless_steel_Orthopedic_Bone_Drill_bit.jpg,US $5-20 / Piece ( FOB Price),
Craniotomy Sterilization Cranial Bur Saw,1000,1500,1,Piece,1500.0,http://www.alibaba.com/product-detail/Craniotomy-Sterilization-Cranial-Bur-Saw_654232036.html,China (Mainland),"Shanghai Ortho King Medical Device Co., Ltd.",http___i00.i.aliimg.com_photo_v0_654232036_Craniotomy_Sterilization_Cranial_Bur_Saw.jpg,US $1000-1500 / Piece ( FOB Price),
Stainless steel surgical Bone Drill bit,5,20,20,Pieces,400.0,http://www.alibaba.com/product-detail/Stainless-steel-surgical-Bone-Drill-bit_798300851.html,China (Mainland),"Shanghai Ortho King Medical Device Co., Ltd.",http___i01.i.aliimg.com_photo_v0_798300851_Stainless_steel_surgical_Bone_Drill_bit.jpg,US $5-20 / Piece ( FOB Price),
Stainless steel medical Bone Drill bit,5,20,20,Pieces,400.0,http://www.alibaba.com/product-detail/Stainless-steel-medical-Bone-Drill-bit_798300987.html,China (Mainland),"Shanghai Ortho King Medical Device Co., Ltd.",http___i01.i.aliimg.com_photo_v0_798300987_Stainless_steel_medical_Bone_Drill_bit.jpg,US $5-20 / Piece ( FOB Price),
Sterilize drill bits for orthopedics,5,20,20,Pieces,400.0,http://www.alibaba.com/product-detail/Sterilize-drill-bits-for-orthopedics_848058335.html,China (Mainland),"Shanghai Ortho King Medical Device Co., Ltd.",http___i01.i.aliimg.com_photo_v0_848058335_Sterilize_drill_bits_for_orthopedics.jpg,US $5-20 / Piece ( FOB Price),
Electric Craniotomy Cranial Bur Drill,1000,1500,1,Piece,1500.0,http://www.alibaba.com/product-detail/Electric-Craniotomy-Cranial-Bur-Drill_654265732.html,China (Mainland),"Shanghai Ortho King Medical Device Co., Ltd.",http___i00.i.aliimg.com_photo_v0_654265732_Electric_Craniotomy_Cranial_Bur_Drill.jpg,US $1000-1500 / Piece ( FOB Price),
Battery Craniotomy Cranial Bur Drill,1000,1500,1,Piece,1500.0,http://www.alibaba.com/product-detail/Battery-Craniotomy-Cranial-Bur-Drill_654243263.html,China (Mainland),"Shanghai Ortho King Medical Device Co., Ltd.",http___i01.i.aliimg.com_photo_v0_654243263_Battery_Craniotomy_Cranial_Bur_Drill.jpg,US $1000-1500 / Piece ( FOB Price),
Craniotomy Autoclave Cranial Bur Saw,1000,1500,1,Piece,1500.0,http://www.alibaba.com/product-detail/Craniotomy-Autoclave-Cranial-Bur-Saw_654274354.html,China (Mainland),"Shanghai Ortho King Medical Device Co., Ltd.",http___i00.i.aliimg.com_photo_v0_654274354_Craniotomy_Autoclave_Cranial_Bur_Saw.jpg,US $1000-1500 / Piece ( FOB Price),
Electric Craniotomy Cranial Bur Saw,1000,1500,1,Piece,1500.0,http://www.alibaba.com/product-detail/Electric-Craniotomy-Cranial-Bur-Saw_654275369.html,China (Mainland),"Shanghai Ortho King Medical Device Co., Ltd.",http___i01.i.aliimg.com_photo_v0_654275369_Electric_Craniotomy_Cranial_Bur_Saw.jpg,US $1000-1500 / Piece ( FOB Price),
Stainless steel Orthopaedic bits,5,20,20,Pieces,400.0,http://www.alibaba.com/product-detail/Stainless-steel-Orthopaedic-bits_847957034.html,China (Mainland),"Shanghai Ortho King Medical Device Co., Ltd.",http___i00.i.aliimg.com_photo_v0_847957034_Stainless_steel_Orthopaedic_bits.jpg,US $5-20 / Piece ( FOB Price),
Steriliztion Orthopedics bits,5,20,20,Pieces,400.0,http://www.alibaba.com/product-detail/Steriliztion-Orthopedics-bits_847990406.html,China (Mainland),"Shanghai Ortho King Medical Device Co., Ltd.",http___i00.i.aliimg.com_photo_v0_847990406_Steriliztion_Orthopedics_bits.jpg,US $5-20 / Piece ( FOB Price),
ce autoclavable drill bits,5,20,20,Pieces,400.0,http://www.alibaba.com/product-detail/ce-autoclavable-drill-bits_848140352.html,China (Mainland),"Shanghai Ortho King Medical Device Co., Ltd.",http___i00.i.aliimg.com_photo_v0_848140352_ce_autoclavable_drill_bits.jpg,US $5-20 / Piece ( FOB Price),
ce orthopedic drill bits,5,20,20,Pieces,400.0,http://www.alibaba.com/product-detail/ce-orthopedic-drill-bits_848137251.html,China (Mainland),"Shanghai Ortho King Medical Device Co., Ltd.",http___i01.i.aliimg.com_photo_v0_848137251_ce_orthopedic_drill_bits.jpg,US $5-20 / Piece ( FOB Price),
autoclavable drill bits,5,20,20,Pieces,400.0,http://www.alibaba.com/product-detail/autoclavable-drill-bits_848090849.html,China (Mainland),"Shanghai Ortho King Medical Device Co., Ltd.",http___i01.i.aliimg.com_photo_v0_848090849_autoclavable_drill_bits.jpg,US $5-20 / Piece ( FOB Price),
Sterilize drill bits,5,20,20,Pieces,400.0,http://www.alibaba.com/product-detail/Sterilize-drill-bits_847972996.html,China (Mainland),"Shanghai Ortho King Medical Device Co., Ltd.",http___i00.i.aliimg.com_photo_v0_847972996_Sterilize_drill_bits.jpg,US $5-20 / Piece ( FOB Price),
Water Bath,416,500,1,Piece,500.0,http://www.alibaba.com/product-detail/Water-Bath_1769465504.html,China (Mainland),"Sainty International Group Jiangsu Yangzhou Sumex Imp. & Exp. Co., Ltd.",http___i00.i.aliimg.com_photo_v0_1769465504_Water_Bath.jpg,US $416-500 / Set ( FOB Price),
Water Bath,416,500,1,Piece,500.0,http://www.alibaba.com/product-detail/Water-Bath_1769465629.html,China (Mainland),"Sainty International Group Jiangsu Yangzhou Sumex Imp. & Exp. Co., Ltd.",http___i01.i.aliimg.com_photo_v1_1769465629_Water_Bath.jpg,US $416-500 / Set ( FOB Price),
Water Bath,500,621,1,Piece,621.0,http://www.alibaba.com/product-detail/Water-Bath_1780857128.html,China (Mainland),"Sainty International Group Jiangsu Yangzhou Sumex Imp. & Exp. Co., Ltd.",http___i00.i.aliimg.com_photo_v0_1780857128_Water_Bath.jpg,US $500-621 / Set ( FOB Price),
Water Bath,400,612,1,Piece,612.0,http://www.alibaba.com/product-detail/Water-Bath_1780874730.html,China (Mainland),"Sainty International Group Jiangsu Yangzhou Sumex Imp. & Exp. Co., Ltd.",http___i00.i.aliimg.com_photo_v0_1780874730_Water_Bath.jpg,US $400-612 / Set ( FOB Price),
