"2014 high quality Sex toy ,Sex doll","0.8","1.5","1000","Pieces","1500.0","http://www.alibaba.com/product-detail/2014-high-quality-Sex-toy-Sex_1994015704.html?s=p","China (Mainland)","Shenzhen CJM Technology Co., Ltd.","http___i00.i.aliimg.com_photo_v0_1994015704_2014_high_quality_Sex_toy_Sex_doll.jpg"
"2014 Hight quality Silicone woman using dildo vibrator sex toy","7.99","9.99","10","Pieces","99.9","http://www.alibaba.com/product-detail/2014-Hight-quality-Silicone-woman-using_1292608261.html","China (Mainland)","Yiwu Xuanhong Import And Export Co., Ltd.","http___i01.i.aliimg.com_photo_v2_1292608261_2014_Hight_quality_Silicone_woman_using_dildo.jpg"
"2014 hot selling high quality vibrating adult sex toys for women","10","15","40","Pieces","600.0","http://www.alibaba.com/product-detail/2014-hot-selling-high-quality-vibrating_700153773.html","China (Mainland)","Shenzhen Vincent Plastic & Rubber Industrial Co., Ltd.","http___i01.i.aliimg.com_photo_v26_700153773_1_2014_hot_selling_high_quality_vibrating_adult.jpg"
"Natural Latex condom with different types durex quality","0.035","0.056","300000","Pieces","16800.0","http://www.alibaba.com/product-detail/Natural-Latex-condom-with-different-types_639274062.html","China (Mainland)","Guangzhou Aillx Rubber Product Co., Ltd.","http___i00.i.aliimg.com_photo_v1_639274062_Natural_Latex_condom_with_different_types_durex.jpg"
"2014 Hot sale good quality sex toy for men penis enlargement vacuum pump products factory price","4","8","10","Pieces","80.0","http://www.alibaba.com/product-detail/2014-Hot-sale-good-quality-sex_643672181.html","China (Mainland)","Shenzhen Mingbang Technology Co., Ltd.","http___i01.i.aliimg.com_photo_v4_643672181_2014_Hot_sale_good_quality_sex_toy.jpg"
"high quality G-SPOT sex vibrator, latest adult sex toys","3.2","6.9","1","Box","6.9","http://www.alibaba.com/product-detail/high-quality-G-SPOT-sex-vibrator_60011882839.html","China (Mainland)","Linyi Libo Health Care Products Co., Ltd.","http___i01.i.aliimg.com_photo_v1_60011882839_1_high_quality_G_SPOT_sex_vibrator_latest.jpg"
"Natural rubber latex condom with high quality and cheapest price","0.015","0.028","50000","Pieces","1400.0","http://www.alibaba.com/product-detail/Natural-rubber-latex-condom-with-high_1971320088.html","China (Mainland)","Yiwu Verna Gloves Co., Ltd.","http___i00.i.aliimg.com_photo_v15_1971320088_1_Natural_rubber_latex_condom_with_high_quality.jpg"
"high quality sexual men wipes","3","4","5000","Pieces","20000.0","http://www.alibaba.com/product-detail/high-quality-sexual-men-wipes_1555795534.html","China (Mainland)","Yantai Dupont Daily Necessities Co., Ltd.","http___i00.i.aliimg.com_photo_v4_1555795534_1_high_quality_sexual_men_wipes.jpg"
"good quality male condom from real manufacture","0.013","0.035","200000","Pieces","7000.000000000001","http://www.alibaba.com/product-detail/good-quality-male-condom-from-real_799377956.html","China (Mainland)","Hebei Baimei Latex Products Co., Ltd.","http___i00.i.aliimg.com_photo_v3_799377956_good_quality_male_condom_from_real_manufacture.jpg"
"DIAOSHI high quality female sex product with 10 modes DS004 G-spot sex vibrator","11.00","11.00","10","Pieces","110.0","http://www.alibaba.com/product-detail/DIAOSHI-high-quality-female-sex-product_60009602265.html","China (Mainland)","Dongguan Yuanfeng Adult Products Industry Co., Ltd.","http___i01.i.aliimg.com_photo_v0_60009602265_DIAOSHI_high_quality_female_sex_product_with.jpg"
"Latex Condoms(good quality)","0.5","0.9","200000","Pieces","180000.0","http://www.alibaba.com/product-detail/Latex-Condoms-good-quality-_282135285.html","China (Mainland)","Zibo Yuehang Industrial & Trading Co., Ltd.","http___i01.i.aliimg.com_photo_v2_282135285_Latex_Condoms_good_quality_.jpg"
"2014 wholesale bulk promotional Good quality oem classical sex condom","0.03","1","1000000","Pieces","1000000.0","http://www.alibaba.com/product-detail/2014-wholesale-bulk-promotional-Good-quality_511741488.html","China (Mainland)","Saferlife Products Co., Ltd.","http___i00.i.aliimg.com_photo_v4_511741488_2014_wholesale_bulk_promotional_Good_quality_oem.jpg"
"Best quality Natural Latex male sex Condoms","0.02","0.05","20000","Pieces","1000.0","http://www.alibaba.com/product-detail/Best-quality-Natural-Latex-male-sex_1876787288.html","China (Mainland)","Shenzhen Sanqi Industrial Co., Ltd.","http___i00.i.aliimg.com_photo_v0_1876787288_Best_quality_Natural_Latex_male_sex_Condoms.jpg"
"Natural latex rubber condom, www sex com Fitone flavored condom with durex quality sex product,","0.1","1","1000","Pieces","1000.0","http://www.alibaba.com/product-detail/Natural-latex-rubber-condom-www-sex_1752293028.html","China (Mainland)","Yuyao More Dollar Electrical Appliance Co., Ltd.","http___i00.i.aliimg.com_photo_v3_1752293028_Natural_latex_rubber_condom_www_sex_com.jpg"
"Good quality Natural Latex Condoms","0.0177","0.02","1000000","Pieces","20000.0","http://www.alibaba.com/product-detail/Good-quality-Natural-Latex-Condoms_1932038462.html","China (Mainland)","Hebei Shuaian Latex Products Co., Ltd.","http___i00.i.aliimg.com_photo_v0_1932038462_Good_quality_Natural_Latex_Condoms.jpg"
"2014 wholesale high quality sex products cock ring condom with negative ion","0.75","1.45","100","Pieces","145.0","http://www.alibaba.com/product-detail/2014-wholesale-high-quality-sex-products_1864037899.html","China (Mainland)","Dongguan Humen Soul Healthcare Products Factory","http___i01.i.aliimg.com_photo_v0_1864037899_2014_wholesale_high_quality_sex_products_cock.jpg"
"high quality sex products, G-spot sex vibrator,latest adult sex toys","1","80","100","Pieces","8000.0","http://www.alibaba.com/product-detail/high-quality-sex-products-G-spot_1491540401.html","China (Mainland)","Dongguan Easy Love Health Products Co., Ltd.","http___i01.i.aliimg.com_photo_v3_1491540401_1_high_quality_sex_products_G_spot_sex.jpg"
"High quality 20 years manufacture for OEM OBM ODM sex tube with male female sex picture male sex dolls for women","2.00","8.00","100","Pieces","800.0","http://www.alibaba.com/product-detail/High-quality-20-years-manufacture-for_1666586908.html","China (Mainland)","Lover Health Science And Technology Co., Ltd.","http___i00.i.aliimg.com_photo_v39_1666586908_High_quality_20_years_manufacture_for_OEM.jpg"
"sex product for male high quality ball banger penis cock ring","1","1.1","10","Pieces","11.0","http://www.alibaba.com/product-detail/sex-product-for-male-high-quality_1049197370.html","China (Mainland)","Pleasure Chest Group Company Ltd.","http___i00.i.aliimg.com_photo_v2_1049197370_sex_product_for_male_high_quality_ball.jpg"
"wholesale High quality vagina pictures Vibrator hand massage www sex com sex products for female","10","40","10","Pieces","400.0","http://www.alibaba.com/product-detail/wholesale-High-quality-vagina-pictures-Vibrator_1671914433.html","China (Mainland)","Shenzhen Y.love Technology Co., Ltd.","http___i01.i.aliimg.com_photo_v1_1671914433_1_wholesale_High_quality_vagina_pictures_Vibrator_hand.jpg"
"12 x High quality male spray, delay spray for men","3.26","3.26","12","Pieces","39.12","http://www.alibaba.com/product-detail/12-x-High-quality-male-spray_941548639.html","China (Mainland)","Dalian Jixin Electronic And Communication Co., Ltd.","http___i01.i.aliimg.com_photo_v1_941548639_12_x_High_quality_male_spray_delay.jpg"
"Best quality sex toys 10 mode purple silicone penis vibrator for women","7","8","100","Sets","800.0","http://www.alibaba.com/product-detail/Best-quality-sex-toys-10-mode_2015903968.html","China (Mainland)","Shenzhen Winyi  Technology Co., Ltd.","http___i00.i.aliimg.com_photo_v2_2015903968_Best_quality_sex_toys_10_mode_purple.jpg"
"high quality and best price latex condom from real manufacture","0.0131","0.035","300000","Pieces","10500.000000000002","http://www.alibaba.com/product-detail/high-quality-and-best-price-latex_801822085.html","China (Mainland)","Hebei Baimei Latex Products Co., Ltd.","http___i01.i.aliimg.com_photo_v8_801822085_high_quality_and_best_price_latex_condom.jpg"
"High quality cartoon condom. sex product picture condom","0.02","0.05","20000","Pieces","1000.0","http://www.alibaba.com/product-detail/High-quality-cartoon-condom-sex-product_1877603805.html","China (Mainland)","Shenzhen Sanqi Industrial Co., Ltd.","http___i01.i.aliimg.com_photo_v0_1877603805_High_quality_cartoon_condom_sex_product_picture.jpg"
"high quality Egg protein Powder Private Label","1","999","1","Kilogram","999.0","http://www.alibaba.com/product-detail/high-quality-Egg-protein-Powder-Private_687763371.html","China (Mainland)","Beijing Herbal Health Biotech Limited Liability Company","http___i01.i.aliimg.com_photo_v1_687763371_high_quality_Egg_protein_Powder_Private_Label.jpg"
"2014 newest Dream lover high quality rechargeable sex product,sex product vibrator,Sex Products Vibrators","13.90","17.00","10","Sets","170.0","http://www.alibaba.com/product-detail/2014-newest-Dream-lover-high-quality_1581329098.html","China (Mainland)","Shenzhen Wiskingdom Trade Co., Ltd.","http___i00.i.aliimg.com_photo_v11_1581329098_1_2014_newest_Dream_lover_high_quality_rechargeable.jpg"
"artificial onlie real skin feeling sex High quality Flexible sex product plastic pussy,www sex.photos com,sex photo","5","20","1","Piece","20.0","http://www.alibaba.com/product-detail/artificial-onlie-real-skin-feeling-sex_1839258950.html","China (Mainland)","Shenzhen Fate Technology Co., Limited","http___i00.i.aliimg.com_photo_v13_1839258950_1_artificial_onlie_real_skin_feeling_sex_High.jpg"
"Hot sale Good quality CE RoHS strong vibrating mini pussy vibrator","0.9","1.2","100","Pieces","120.0","http://www.alibaba.com/product-detail/Hot-sale-Good-quality-CE-RoHS_1467753382.html","China (Mainland)","Shenzhen Mingbang Technology Co., Ltd.","http___i00.i.aliimg.com_photo_v0_1467753382_Hot_sale_Good_quality_CE_RoHS_strong.jpg"
"High quality sex products, G-spot sex vibrator,tongue sex toy vibrator","50","150","5","Pieces","750.0","http://www.alibaba.com/product-detail/High-quality-sex-products-G-spot_1629276037.html","China (Mainland)","Shenzhen Love Me Trading Co., Ltd.","http___i01.i.aliimg.com_photo_v8_1629276037_1_High_quality_sex_products_G_spot_sex.jpg"
"High quality & Newest Adult toy For Sex Product www sex com","10","40","10","Pieces","400.0","http://www.alibaba.com/product-detail/High-quality-Newest-Adult-toy-For_1671885803.html","China (Mainland)","Shenzhen Y.love Technology Co., Ltd.","http___i01.i.aliimg.com_photo_v1_1671885803_1_High_quality_Newest_Adult_toy_For_Sex.jpg"
"Best reusable condom with high quality","0.025","0.035","200000","Pieces","7000.000000000001","http://www.alibaba.com/product-detail/Best-reusable-condom-with-high-quality_60019165689.html","China (Mainland)","Shanghai Ucare Biomed Co., Ltd.","http___i01.i.aliimg.com_photo_v2_60019165689_1_Best_reusable_condom_with_high_quality.jpg"
"High quality cartoon condom. sex product picture condom","0.02","0.05","20000","Pieces","1000.0","http://www.alibaba.com/product-detail/High-quality-cartoon-condom-sex-product_1877603805.html","China (Mainland)","Shenzhen Sanqi Industrial Co., Ltd.","http___i01.i.aliimg.com_photo_v0_1877603805_High_quality_cartoon_condom_sex_product_picture.jpg"
"Good quality Natural Latex sex male Condoms","0.02","0.05","20000","Pieces","1000.0","http://www.alibaba.com/product-detail/Good-quality-Natural-Latex-sex-male_1876658661.html","China (Mainland)","Shenzhen Sanqi Industrial Co., Ltd.","http___i01.i.aliimg.com_photo_v0_1876658661_Good_quality_Natural_Latex_sex_male_Condoms.jpg"
"best quality cheap male sex Bulk condom","0.022","0.026","1000","Pieces","26.0","http://www.alibaba.com/product-detail/best-quality-cheap-male-sex-Bulk_203179943.html","China (Mainland)","China Tianjin Recare Co., Ltd.","http___i01.i.aliimg.com_photo_v9_203179943_1_best_quality_cheap_male_sex_Bulk_condom.jpg"
"condom vibrator , vibrating condom and cock ring to simulate penis, with best quality and free samples","0.4","0.6","10000","Pieces","6000.0","http://www.alibaba.com/product-detail/condom-vibrator-vibrating-condom-and-cock_315443205.html","China (Mainland)","Japan Long-Tie (china) Co., Ltd.","http___i01.i.aliimg.com_photo_v83_315443205_condom_vibrator_vibrating_condom_and_cock_ring.jpg"
"condom vibrator , vibrating condom and cock ring to simulate penis, with best quality and free samples","0.4","0.6","10000","Pieces","6000.0","http://www.alibaba.com/product-detail/condom-vibrator-vibrating-condom-and-cock_315443205.html","China (Mainland)","Japan Long-Tie (china) Co., Ltd.","http___i01.i.aliimg.com_photo_v83_315443205_condom_vibrator_vibrating_condom_and_cock_ring.jpg"
"dotted condoms pictures&male sex long time condom with best quality","0.02","0.05","20000","Pieces","1000.0","http://www.alibaba.com/product-detail/dotted-condoms-pictures-male-sex-long_1877323019.html","China (Mainland)","Shenzhen Sanqi Industrial Co., Ltd.","http___i01.i.aliimg.com_photo_v0_1877323019_dotted_condoms_pictures_male_sex_long_time.jpg"
"trojan quality condom","0.029","0.45","200000","Pieces","90000.0","http://www.alibaba.com/product-detail/trojan-quality-condom_843944166.html","China (Mainland)","Jining Chengda Economic & Trade Co., Ltd.","http___i00.i.aliimg.com_photo_v3_843944166_1_trojan_quality_condom.jpg"
"Good quality Natural Latex male sex Condoms sex product for men penis strong","0.020","0.050","500000","Pieces","25000.0","http://www.alibaba.com/product-detail/Good-quality-Natural-Latex-male-sex_803640672.html","China (Mainland)","Shandong Mingyuan Latex Co., Ltd.","http___i00.i.aliimg.com_photo_v3_803640672_1_Good_quality_Natural_Latex_male_sex_Condoms.jpg"
"Good quality Natural Latex male sex Condoms penis enlarger and oral sex condoms manufacturing","0.02","0.05","100000","Pieces","5000.0","http://www.alibaba.com/product-detail/Good-quality-Natural-Latex-male-sex_829261876.html","China (Mainland)","Shandong Mingyuan Latex Co., Ltd.","http___i00.i.aliimg.com_photo_v3_829261876_Good_quality_Natural_Latex_male_sex_Condoms.jpg"
"high quality latex condom with CE, ISO","0.022","0.0245","300000","Pieces","7350.0","http://www.alibaba.com/product-detail/high-quality-latex-condom-with-CE_434781320.html","China (Mainland)","Henan Xibei Latex Co., Ltd.","http___i00.i.aliimg.com_photo_v63_434781320_1_high_quality_latex_condom_with_CE_ISO.jpg"
"Good quality powerful waterproof mini bullet vibrator","0.6","1.2","50","Pieces","60.0","http://www.alibaba.com/product-detail/Good-quality-powerful-waterproof-mini-bullet_1878535768.html","China (Mainland)","Shenzhen June Arts & Crafts Co., Ltd.","http___i00.i.aliimg.com_photo_v11_1878535768_1_Good_quality_powerful_waterproof_mini_bullet_vibrator.jpg"
"Powerful g spot vibrator adult toys,high quality adult sex products, adult sex toys","8","16","108","Pieces","1728.0","http://www.alibaba.com/product-detail/Powerful-g-spot-vibrator-adult-toys_1964349108.html","China (Mainland)","Shenzhen Romant Technology Co., Ltd.","http___i00.i.aliimg.com_photo_v7_1964349108_1_Powerful_g_spot_vibrator_adult_toys_high.jpg"
"High quality PROSTATE MASSAGE for sale, www sex com","5.80","5.80","1","Piece","5.8","http://www.alibaba.com/product-detail/High-quality-PROSTATE-MASSAGE-for-sale_60022442544.html","China (Mainland)","Dongguan Gspot Electronic Co., Ltd.","http___i00.i.aliimg.com_photo_v2_60022442544_1_High_quality_PROSTATE_MASSAGE_for_sale_www.jpg"
"2014 hot selling sex products full silicone dual g spot vibrator for high quality sex life","20.30","20.30","50","Pieces","1015.0","http://www.alibaba.com/product-detail/2014-hot-selling-sex-products-full_60020808911.html","China (Mainland)","Dongguan Gspot Electronic Co., Ltd.","http___i01.i.aliimg.com_photo_v1_60020808911_1_2014_hot_selling_sex_products_full_silicone.jpg"
"Good quality Natural Latex male sex Condoms new sex products for 2013 sexy","0.020","0.050","100000","Pieces","5000.0","http://www.alibaba.com/product-detail/Good-quality-Natural-Latex-male-sex_732812741.html","China (Mainland)","Shandong Mingyuan Latex Co., Ltd.","http___i01.i.aliimg.com_photo_v29_732812741_1_Good_quality_Natural_Latex_male_sex_Condoms.jpg"
"top quality japanese reality 1:1 big silicone ass pussy and ass sex toy fake ass sex toy man masturbator sex products","0.1","5","1","Piece","5.0","http://www.alibaba.com/product-detail/top-quality-japanese-reality-1-1_1959183880.html","China (Mainland)","Shenzhen Debaojia Adult Toys Co., Ltd.","http___i00.i.aliimg.com_photo_v3_1959183880_1_top_quality_japanese_reality_1_1_big.jpg"
"Japan quality sex product of OEM male condom","0.02","0.09","100000","Pieces","9000.0","http://www.alibaba.com/product-detail/Japan-quality-sex-product-of-OEM_680491371.html","China (Mainland)","Shandong Yaqi Latex Technology Co., Ltd.","http___i01.i.aliimg.com_photo_v7_680491371_Japan_quality_sex_product_of_OEM_male.jpg"
"china biggest manufacturer made with high quality and lower price real skin feeling dildo","2","11","240","Pieces","2640.0","http://www.alibaba.com/product-detail/china-biggest-manufacturer-made-with-high_1664891693.html","China (Mainland)","Lover Health Science And Technology Co., Ltd.","http___i01.i.aliimg.com_photo_v9_1664891693_1_china_biggest_manufacturer_made_with_high_quality.jpg"
"2014 hot selling high quality sex toy vibrator adult sex toys for women","2.1","2.5","100","Pieces","250.0","http://www.alibaba.com/product-detail/2014-hot-selling-high-quality-sex_2006835154.html","China (Mainland)","Dongguan Ai Yuan Plastic Electronics Co., Ltd.","http___i00.i.aliimg.com_photo_v3_2006835154_2014_hot_selling_high_quality_sex_toy.jpg"
"2014 hot selling high quality wireless dildo vibrator for women","6","7","100","Pieces","700.0","http://www.alibaba.com/product-detail/2014-hot-selling-high-quality-wireless_1956419905.html","China (Mainland)","Dongguan Ai Yuan Plastic Electronics Co., Ltd.","http___i01.i.aliimg.com_photo_v5_1956419905_2014_hot_selling_high_quality_wireless_dildo.jpg"
"sex products for women,vibrator sex products for women,quality asia sex products","10","20","108","Pieces","2160.0","http://www.alibaba.com/product-detail/sex-products-for-women-vibrator-sex_1948132810.html","China (Mainland)","Shenzhen Hanchuan Industrial Co., Ltd.","http___i00.i.aliimg.com_photo_v0_1948132810_sex_products_for_women_vibrator_sex_products.jpg"
"china biggest Manufacturer made 2014besting selling with high quality reuseable soft 100%waterproof sex toys for boys","3","5","240","Pieces","1200.0","http://www.alibaba.com/product-detail/china-biggest-Manufacturer-made-2014besting-selling_1659653395.html","China (Mainland)","Lover Health Science And Technology Co., Ltd.","http___i01.i.aliimg.com_photo_v10_1659653395_1_china_biggest_Manufacturer_made_2014besting_selling_with.jpg"
"wholesale High quality personal massager sex toy www.sex.com for women sex toys free samples","10","40","10","Pieces","400.0","http://www.alibaba.com/product-detail/wholesale-High-quality-personal-massager-sex_1671921997.html","China (Mainland)","Shenzhen Y.love Technology Co., Ltd.","http___i01.i.aliimg.com_photo_v1_1671921997_1_wholesale_High_quality_personal_massager_sex_toy.jpg"
"2014 high quality 3 colors 3 motors 100% waterproof full silicone sex products women lady","9","20.6","20","Pieces","412.0","http://www.alibaba.com/product-detail/2014-high-quality-3-colors-3_1459605202.html","China (Mainland)","Dongguan Fannite Electronic Technology Co., Ltd.","http___i00.i.aliimg.com_photo_v11_1459605202_2014_high_quality_3_colors_3_motors.jpg"
"2014 best selling toy with high quality 100%waterproof food grade silicone penis vibrator","5","20","200","Pieces","4000.0","http://www.alibaba.com/product-detail/2014-best-selling-toy-with-high_1666638467.html","China (Mainland)","Lover Health Science And Technology Co., Ltd.","http___i01.i.aliimg.com_photo_v7_1666638467_2014_best_selling_toy_with_high_quality.jpg"
"best quality Natural Latex male sex Condoms, penis enlargement condoms","0.016","0.05","300000","Pieces","15000.0","http://www.alibaba.com/product-detail/best-quality-Natural-Latex-male-sex_747645343.html","China (Mainland)","Shandong Mingyuan Latex Co., Ltd.","http___i01.i.aliimg.com_photo_v26_747645343_1_best_quality_Natural_Latex_male_sex_Condoms.jpg"
"20 years OEM ODM OBM with high quality rabbit sex toys for woman made in china's biggest Manufactrere","12","14","240","Pieces","3360.0","http://www.alibaba.com/product-detail/20-years-OEM-ODM-OBM-with_1664178469.html","China (Mainland)","Lover Health Science And Technology Co., Ltd.","http___i01.i.aliimg.com_photo_v5_1664178469_20_years_OEM_ODM_OBM_with_high.jpg"
"Excelent quality OEM,ODM & OBM online doll dress-up girl games with artificial pussy sex toy for man","3.00","9.00","240","Pieces","2160.0","http://www.alibaba.com/product-detail/Excelent-quality-OEM-ODM-OBM-online_1659645198.html","China (Mainland)","Lover Health Science And Technology Co., Ltd.","http___i00.i.aliimg.com_photo_v35_1659645198_Excelent_quality_OEM_ODM_OBM_online_doll.jpg"
"Good quality Natural Latex male sex Condoms sex products male sex long time condom","0.020","0.050","500000","Pieces","25000.0","http://www.alibaba.com/product-detail/Good-quality-Natural-Latex-male-sex_784118283.html","China (Mainland)","Shandong Mingyuan Latex Co., Ltd.","http___i01.i.aliimg.com_photo_v4_784118283_1_Good_quality_Natural_Latex_male_sex_Condoms.jpg"
"Silicone vibrators, upmarket sex toys for women, adult sex product with high quality","1","30","108","Pieces","3240.0","http://www.alibaba.com/product-detail/Silicone-vibrators-upmarket-sex-toys-for_1817339930.html","China (Mainland)","Shenzhen Romant Technology Co., Ltd.","http___i00.i.aliimg.com_photo_v20_1817339930_1_Silicone_vibrators_upmarket_sex_toys_for_women.jpg"
"high quality sex products, powerful g spot sex vibrator, latest adult toys","15","50","108","Pieces","5400.0","http://www.alibaba.com/product-detail/high-quality-sex-products-powerful-g_1964311202.html","China (Mainland)","Shenzhen Romant Technology Co., Ltd.","http___i00.i.aliimg.com_photo_v6_1964311202_1_high_quality_sex_products_powerful_g_spot.jpg"
"2012 new high quality dildo vibrator","9","20","1","Unit","20.0","http://www.alibaba.com/product-detail/2012-new-high-quality-dildo-vibrator_728533635.html","China (Mainland)","Shenzhen Vincent Plastic & Rubber Industrial Co., Ltd.","http___i01.i.aliimg.com_photo_v2_728533635_1_2012_new_high_quality_dildo_vibrator.jpg"
"Top quality Soft silicone sex massager vibrator","11.50","14.00","10","Pieces","140.0","http://www.alibaba.com/product-detail/Top-quality-Soft-silicone-sex-massager_2000712510.html","China (Mainland)","Shenzhen Milide Technology Co., Ltd.","http___i00.i.aliimg.com_photo_v1_2000712510_Top_quality_Soft_silicone_sex_massager_vibrator.jpg"
"Latex penis enlargement condom with Deluxe quality","0.02","0.035","200000","Pieces","7000.000000000001","http://www.alibaba.com/product-detail/Latex-penis-enlargement-condom-with-Deluxe_60026782960.html","China (Mainland)","Shanghai Ucare Biomed Co., Ltd.","http___i00.i.aliimg.com_photo_v0_60026782960_1_Latex_penis_enlargement_condom_with_Deluxe_quality.jpg"
"2014 new high quality sex toy unisex","0.1","200","1","Unit","200.0","http://www.alibaba.com/product-detail/2014-new-high-quality-sex-toy_716803559.html","China (Mainland)","Shenzhen Vincent Plastic & Rubber Industrial Co., Ltd.","http___i01.i.aliimg.com_photo_v1_716803559_1_2014_new_high_quality_sex_toy_unisex.jpg"
"Vibrator adult sexy toy for women 2014 Hight quality , female using dildo vibrator sex toy","5.4","6.2","200","Pieces","1240.0","http://www.alibaba.com/product-detail/Vibrator-adult-sexy-toy-for-women_1861624974.html","China (Mainland)","Ningbo Dream Moment Trade Co., Ltd.","http___i00.i.aliimg.com_photo_v2_1861624974_1_Vibrator_adult_sexy_toy_for_women_2014.jpg"
"Top sell Good quality popular lipstick vibrator mini sex vibrator sex dice","2","3","50","Pieces","150.0","http://www.alibaba.com/product-detail/Top-sell-Good-quality-popular-lipstick_1899898570.html","China (Mainland)","Shenzhen Levit Technology Co., Ltd.","http___i00.i.aliimg.com_photo_v1_1899898570_Top_sell_Good_quality_popular_lipstick_vibrator.jpg"
"2014 china wholesale high quality full silicone waterproof 360 rotating dildo vibrator adult sex toy for woman","6.5","7.5","30","Pieces","225.0","http://www.alibaba.com/product-detail/2014-china-wholesale-high-quality-full_60049899300.html","China (Mainland)","Shenzhen Happiness Toys Co., Ltd.","http___i00.i.aliimg.com_photo_v3_60049899300_1_2014_china_wholesale_high_quality_full_silicone.jpg"
"high quality rabbit vibrator","8","12","100","Pieces","1200.0","http://www.alibaba.com/product-detail/high-quality-rabbit-vibrator_650209908.html","China (Mainland)","Shenzhen Hejiamei Technology Co., Ltd.","http___i00.i.aliimg.com_photo_v20_650209908_high_quality_rabbit_vibrator.jpg"
"20years excellent quality OEM,ODM & OBM best selling www sex women photo .com sex toy silicon dolls Free dildos and vibrators","9.00","30.00","100","Pieces","3000.0","http://www.alibaba.com/product-detail/20years-excellent-quality-OEM-ODM-OBM_1662058175.html","China (Mainland)","Lover Health Science And Technology Co., Ltd.","http___i01.i.aliimg.com_photo_v34_1662058175_20years_excellent_quality_OEM_ODM_OBM_best.jpg"
"Good quality Natural Latex male sex Condoms sex products male silicone oil lubricant condom","0.020","0.050","500000","Pieces","25000.0","http://www.alibaba.com/product-detail/Good-quality-Natural-Latex-male-sex_826724487.html","China (Mainland)","Shandong Mingyuan Latex Co., Ltd.","http___i01.i.aliimg.com_photo_v4_826724487_Good_quality_Natural_Latex_male_sex_Condoms.jpg"
"Latest high quality sex vibrator for men","0.1","200","1","Unit","200.0","http://www.alibaba.com/product-detail/Latest-high-quality-sex-vibrator-for_695382694.html","China (Mainland)","Shenzhen Vincent Plastic & Rubber Industrial Co., Ltd.","http___i00.i.aliimg.com_photo_v2_695382694_1_Latest_high_quality_sex_vibrator_for_men.jpg"
"100% high quality artificial vagina","30","100","1","Set","100.0","http://www.alibaba.com/product-detail/100-high-quality-artificial-vagina_60019823818.html","China (Mainland)","Guangzhou Qige International Trade Co., Ltd.","http___i00.i.aliimg.com_photo_v0_60019823818_100_high_quality_artificial_vagina.jpg"
"100% high quality artificial vagina","30","100","1","Set","100.0","http://www.alibaba.com/product-detail/100-high-quality-artificial-vagina_60019823818.html","China (Mainland)","Guangzhou Qige International Trade Co., Ltd.","http___i00.i.aliimg.com_photo_v0_60019823818_100_high_quality_artificial_vagina.jpg"
"Top sell Good quality popular lipstick vibrator mini sex vibrator sex dice","2","3","50","Pieces","150.0","http://www.alibaba.com/product-detail/Top-sell-Good-quality-popular-lipstick_1899898570.html","China (Mainland)","Shenzhen Levit Technology Co., Ltd.","http___i00.i.aliimg.com_photo_v1_1899898570_Top_sell_Good_quality_popular_lipstick_vibrator.jpg"
"high quality of male sex pictures condom","0.016","0.05","200000","Pieces","10000.0","http://www.alibaba.com/product-detail/high-quality-of-male-sex-pictures_815350741.html","China (Mainland)","Shandong Mingyuan Latex Co., Ltd.","http___i01.i.aliimg.com_photo_v2_815350741_high_quality_of_male_sex_pictures_condom.jpg"
"2014 best selling with high quality reuseable soft OEM accpet 100% waterproof artificial fake pussy","2","25","320","Pieces","8000.0","http://www.alibaba.com/product-detail/2014-best-selling-with-high-quality_1661649180.html","China (Mainland)","Lover Health Science And Technology Co., Ltd.","http___i00.i.aliimg.com_photo_v9_1661649180_2014_best_selling_with_high_quality_reuseable.jpg"
"Promotional high quality best price Sex toy for women 10speeds CE mark Strong vibrating sharp women mini bullet vibrator","1.60","1.60","50","Pieces","80.0","http://www.alibaba.com/product-detail/Promotional-high-quality-best-price-Sex_1978709836.html","China (Mainland)","Shenzhen Leeho Technology Co., Ltd.","http___i00.i.aliimg.com_photo_v2_1978709836_Promotional_high_quality_best_price_Sex_toy.jpg"
"Excellent quality 20years manufacture for OEM,OBM & ODM www sex come penis and vagina pictures male masturbating machines","5.00","25.00","200","Pieces","5000.0","http://www.alibaba.com/product-detail/Excellent-quality-20years-manufacture-for-OEM_1664349087.html","China (Mainland)","Lover Health Science And Technology Co., Ltd.","http___i01.i.aliimg.com_photo_v27_1664349087_Excellent_quality_20years_manufacture_for_OEM_OBM.jpg"
"Best reusable latex condom with Durex quality","0.02","0.035","200000","Pieces","7000.000000000001","http://www.alibaba.com/product-detail/Best-reusable-latex-condom-with-Durex_711406690.html","China (Mainland)","Shanghai Ucare Biomed Co., Ltd.","http___i00.i.aliimg.com_photo_v3_711406690_1_Best_reusable_latex_condom_with_Durex_quality.jpg"
"20 years OEM ODM OBM with high quality and best selling 2014 adult male cock sleeve","2","10","240","Pieces","2400.0","http://www.alibaba.com/product-detail/20-years-OEM-ODM-OBM-with_1664063151.html","China (Mainland)","Lover Health Science And Technology Co., Ltd.","http___i01.i.aliimg.com_photo_v9_1664063151_20_years_OEM_ODM_OBM_with_high.jpg"
"20 years OEM OBM ODM with the high quality and besting vagina sex toys for men made in china's biggest Manufacturer","20","30","240","Pieces","7200.0","http://www.alibaba.com/product-detail/20-years-OEM-OBM-ODM-with_1654943634.html","China (Mainland)","Lover Health Science And Technology Co., Ltd.","http___i00.i.aliimg.com_photo_v6_1654943634_1_20_years_OEM_OBM_ODM_with_the.jpg"
"2014 OEM factory price Good quality rechargeable AV bar waterproof massager sex toys","6","8","20","Pieces","160.0","http://www.alibaba.com/product-detail/2014-OEM-factory-price-Good-quality_1947358821.html","China (Mainland)","Shenzhen Levit Technology Co., Ltd.","http___i01.i.aliimg.com_photo_v0_1947358821_2014_OEM_factory_price_Good_quality_rechargeable.jpg"
"flavored color condom in luxury quality","0.025","0.035","10000","Pieces","350.00000000000006","http://www.alibaba.com/product-detail/flavored-color-condom-in-luxury-quality_2007489537.html","China (Mainland)","Jining Yaqi Latex Co., Ltd.","http___i01.i.aliimg.com_photo_v2_2007489537_flavored_color_condom_in_luxury_quality.jpg"
"high quality custom condom factory","0.025","0.035","10000","Pieces","350.00000000000006","http://www.alibaba.com/product-detail/high-quality-custom-condom-factory_1996234512.html","China (Mainland)","Jining Yaqi Latex Co., Ltd.","http___i00.i.aliimg.com_photo_v4_1996234512_high_quality_custom_condom_factory.jpg"
"high quality vibrator egg sex products for women,wireless vibrating egg dildo for female jump eggs sex toys for couple","2.5","5","50","Pieces","250.0","http://www.alibaba.com/product-detail/high-quality-vibrator-egg-sex-products_2010338423.html","China (Mainland)","Guangzhou Your Sex Trading Co., Ltd.","http___i01.i.aliimg.com_photo_v1_2010338423_1_high_quality_vibrator_egg_sex_products_for.jpg"
"2014 high quality sex products alibaba china vibrator sex toy","16","21","50","Pieces","1050.0","http://www.alibaba.com/product-detail/2014-high-quality-sex-products-alibaba_2017077806.html","China (Mainland)","Shenzhen Widea Times Technology Co., Ltd.","http___i00.i.aliimg.com_photo_v2_2017077806_2014_high_quality_sex_products_alibaba_china.jpg"
"Safety young sex girl toys with best quality made in japan","1","100","1","Piece","100.0","http://www.alibaba.com/product-detail/Safety-young-sex-girl-toys-with_162924019.html","Japan","RENDS CO., LTD.","http___i01.i.aliimg.com_photo_v0_162924019_Safety_young_sex_girl_toys_with_best.jpg"
"best popular with high quality adult toy","8","25","40","Pieces","1000.0","http://www.alibaba.com/product-detail/best-popular-with-high-quality-adult_1672248446.html","China (Mainland)","Shenzhen Yollem Technology Co., Ltd.","http___i00.i.aliimg.com_photo_v13_1672248446_1_best_popular_with_high_quality_adult_toy.jpg"
"High quality waterproof vibrating egg 12 frequencies double bullets","4.76","6.48","200","Pieces","1296.0","http://www.alibaba.com/product-detail/High-quality-waterproof-vibrating-egg-12_693543972.html","China (Mainland)","Dongguan Lentoo Culture Article Co., Ltd.","http___i00.i.aliimg.com_photo_v1_693543972_High_quality_waterproof_vibrating_egg_12_frequencies.jpg"
"Sexual with high quality sex vibrator adult sex product toy woman vibrator","30","80","5","Pieces","400.0","http://www.alibaba.com/product-detail/Sexual-with-high-quality-sex-vibrator_1633022181.html","China (Mainland)","Shenzhen Love Me Trading Co., Ltd.","http___i01.i.aliimg.com_photo_v2_1633022181_1_Sexual_with_high_quality_sex_vibrator_adult.jpg"
"2014 high quality 30 modes full silicone wire rechargeable sex toy, vibrator sex toy for women lady","5.8","15","10","Pieces","150.0","http://www.alibaba.com/product-detail/2014-high-quality-30-modes-full_1513381829.html","China (Mainland)","Dongguan Fannite Electronic Technology Co., Ltd.","http___i01.i.aliimg.com_photo_v15_1513381829_2014_high_quality_30_modes_full_silicone.jpg"
"high quality sexual delay wet wipes for men","2.00","2.10","5000","Pieces","10500.0","http://www.alibaba.com/product-detail/high-quality-sexual-delay-wet-wipes_1540527418.html","China (Mainland)","Yantai Dupont Daily Necessities Co., Ltd.","http___i00.i.aliimg.com_photo_v3_1540527418_high_quality_sexual_delay_wet_wipes_for.jpg"
"2014 high quality 30 modes full silicone wire rechargeable sex toy, vibrator sex toy for women lady","5.8","15","10","Pieces","150.0","http://www.alibaba.com/product-detail/2014-high-quality-30-modes-full_1513381829.html","China (Mainland)","Dongguan Fannite Electronic Technology Co., Ltd.","http___i01.i.aliimg.com_photo_v15_1513381829_2014_high_quality_30_modes_full_silicone.jpg"
"Women sex products 100% waterproof high quality bullet vibrator","4.76","4.76","80","Pieces","380.79999999999995","http://www.alibaba.com/product-detail/Women-sex-products-100-waterproof-high_60048718873.html","China (Mainland)","Ningbo Aiwa Plastic Product Co., Ltd.","http___i01.i.aliimg.com_photo_v0_60048718873_Women_sex_products_100_waterproof_high_quality.jpg"
"Hight quality medical Man prostate massager,penis enlargement vibrator sex exercise Tools","3.85","3.85","50","Pieces","192.5","http://www.alibaba.com/product-detail/Hight-quality-medical-Man-prostate-massager_1873987948.html","China (Mainland)","Shenzhen Yuwei Technology Co., Ltd.","http___i00.i.aliimg.com_photo_v0_1873987948_Hight_quality_medical_Man_prostate_massager_penis.jpg"
"DIAOSHI high quality female sex product with 10 modes DS002 G-spot sex vibrator","11.00","11.00","10","Pieces","110.0","http://www.alibaba.com/product-detail/DIAOSHI-high-quality-female-sex-product_60009559028.html","China (Mainland)","Dongguan Yuanfeng Adult Products Industry Co., Ltd.","http___i00.i.aliimg.com_photo_v0_60009559028_1_DIAOSHI_high_quality_female_sex_product_with.jpg"
"Silicone rabbit vibrator good quality rabbit vibrator sex rabbit vibrator","11.00","11.70","100","Pieces","1170.0","http://www.alibaba.com/product-detail/Silicone-rabbit-vibrator-good-quality-rabbit_1342440568.html","China (Mainland)","Shenzhen Rong Lian Industrial Co., Ltd.","http___i00.i.aliimg.com_photo_v3_1342440568_Silicone_rabbit_vibrator_good_quality_rabbit_vibrator.jpg"
"High quality sex items for men and women with creative design","1","100","1","Piece","100.0","http://www.alibaba.com/product-detail/High-quality-sex-items-for-men_162934495.html","Japan","RENDS CO., LTD.","http___i01.i.aliimg.com_photo_v0_162934495_High_quality_sex_items_for_men_and.jpg"
"Japanese high quality young sex toys with advanced technology","1","100","1","Piece","100.0","http://www.alibaba.com/product-detail/Japanese-high-quality-young-sex-toys_162933562.html","Japan","RENDS CO., LTD.","http___i00.i.aliimg.com_photo_v0_162933562_Japanese_high_quality_young_sex_toys_with.jpg"
"best quality delay classic dotted male pictures condom","0.022","0.026","1000","Pieces","26.0","http://www.alibaba.com/product-detail/best-quality-delay-classic-dotted-male_523951615.html","China (Mainland)","China Tianjin Recare Co., Ltd.","http___i01.i.aliimg.com_photo_v18_523951615_best_quality_delay_classic_dotted_male_pictures.jpg"
"Top quality 165cm silicone sex doll for man","2400.00","2400.00","1","Piece","2400.0","http://www.alibaba.com/product-detail/Top-quality-165cm-silicone-sex-doll_1870375404.html","China (Mainland)","Shenzhen Kundao Science & Technology Co., Ltd.","http___i00.i.aliimg.com_photo_v0_1870375404_Top_quality_165cm_silicone_sex_doll_for.jpg"
"best quality natural latex durex quality male sex condom","0.02","0.026","1000","Pieces","26.0","http://www.alibaba.com/product-detail/best-quality-natural-latex-durex-quality_430451608.html","China (Mainland)","China Tianjin Recare Co., Ltd.","http___i00.i.aliimg.com_photo_v11_430451608_best_quality_natural_latex_durex_quality_male.jpg"
"high quality and best price latex condom","0.013","0.03","100000","Pieces","3000.0","http://www.alibaba.com/product-detail/high-quality-and-best-price-latex_801238858.html","China (Mainland)","Hebei Baimei Latex Products Co., Ltd.","http___i00.i.aliimg.com_photo_v1_801238858_high_quality_and_best_price_latex_condom.jpg"
"Best Durex quality Latex condom (MANUFACTURE)","0.022","0.026","1000","Pieces","26.0","http://www.alibaba.com/product-detail/Best-Durex-quality-Latex-condom-MANUFACTURE-_60010689222.html","China (Mainland)","China Tianjin Recare Co., Ltd.","http___i00.i.aliimg.com_photo_v0_60010689222_1_Best_Durex_quality_Latex_condom_MANUFACTURE_.jpg"
"high quality male condom for africa","0.0125","0.035","1000000","Pieces","35000.0","http://www.alibaba.com/product-detail/high-quality-male-condom-for-africa_802969441.html","China (Mainland)","Hebei Baimei Latex Products Co., Ltd.","http___i01.i.aliimg.com_photo_v5_802969441_high_quality_male_condom_for_africa.jpg"
"2014 newest Dream lover high quality rechargeable sex toys","10","20","1","Unit","20.0","http://www.alibaba.com/product-detail/2014-newest-Dream-lover-high-quality_730711916.html","China (Mainland)","Shenzhen Vincent Plastic & Rubber Industrial Co., Ltd.","http___i00.i.aliimg.com_photo_v7_730711916_1_2014_newest_Dream_lover_high_quality_rechargeable.jpg"
"delay flavour dotted durex quality condom","0.02","0.026","300000","Pieces","7800.0","http://www.alibaba.com/product-detail/delay-flavour-dotted-durex-quality-condom_524038919.html","China (Mainland)","China Tianjin Recare Co., Ltd.","http___i01.i.aliimg.com_photo_v39_524038919_1_delay_flavour_dotted_durex_quality_condom.jpg"
"Durex condom 3pcs with good quality","0.5","0.99","1200","Pieces","1188.0","http://www.alibaba.com/product-detail/Durex-condom-3pcs-with-good-quality_1747807341.html","China (Mainland)","Yongkang Lelonglong Industry & Trade Co., Ltd.","http___i01.i.aliimg.com_photo_v2_1747807341_Durex_condom_3pcs_with_good_quality.jpg"
"best quality natural latex large condom","0.022","0.026","1000","Pieces","26.0","http://www.alibaba.com/product-detail/best-quality-natural-latex-large-condom_60011189683.html","China (Mainland)","China Tianjin Recare Co., Ltd.","http___i01.i.aliimg.com_photo_v0_60011189683_1_best_quality_natural_latex_large_condom.jpg"
"Double Vibrating Dildo (5003-05) top quality headed double dildo for lesbian","1","1","10","Pieces","10.0","http://www.alibaba.com/product-detail/Double-Vibrating-Dildo-5003-05-top_60014249422.html","China (Mainland)","Shenzhen Guanja Technology Co., Ltd.","http___i00.i.aliimg.com_photo_v1_60014249422_Double_Vibrating_Dildo_5003_05_top_quality.jpg"
"High quality tens electrode probe vaginal for inctontience therapy","9.5","10","200","Pieces","2000.0","http://www.alibaba.com/product-detail/High-quality-tens-electrode-probe-vaginal_60044299683.html","China (Mainland)","Shenzhen Konmed Technology Co., Ltd.","http___i01.i.aliimg.com_photo_v0_60044299683_High_quality_tens_electrode_probe_vaginal_for.jpg"
"best quality natural condom","0.02","0.025","1000","Pieces","25.0","http://www.alibaba.com/product-detail/best-quality-natural-condom_487120821.html","China (Mainland)","China Tianjin Recare Co., Ltd.","http___i01.i.aliimg.com_photo_v22_487120821_1_best_quality_natural_condom.jpg"
"Portable and high quality pelvic muscle toner replacement vaginal probe","9.5","10","200","Pieces","2000.0","http://www.alibaba.com/product-detail/Portable-and-high-quality-pelvic-muscle_60023928660.html","China (Mainland)","Shenzhen Konmed Technology Co., Ltd.","http___i00.i.aliimg.com_photo_v0_60023928660_Portable_and_high_quality_pelvic_muscle_toner.jpg"
"High quality Silicone sex toy Kegel balls smart ball","3","4","5","Pieces","20.0","http://www.alibaba.com/product-detail/High-quality-Silicone-sex-toy-Kegel_1918156671.html","China (Mainland)","Dongguan Danni Electronic Technology Co., Ltd.","http___i01.i.aliimg.com_photo_v2_1918156671_High_quality_Silicone_sex_toy_Kegel_balls.jpg"
"best High quality latex special condom","0.02","0.026","1000","Pieces","26.0","http://www.alibaba.com/product-detail/best-High-quality-latex-special-condom_1931268663.html","China (Mainland)","China Tianjin Recare Co., Ltd.","http___i01.i.aliimg.com_photo_v0_1931268663_1_best_High_quality_latex_special_condom.jpg"
"best quality ribbed condom","0.02","0.026","1000","Pieces","26.0","http://www.alibaba.com/product-detail/best-quality-ribbed-condom_429910655.html","China (Mainland)","China Tianjin Recare Co., Ltd.","http___i01.i.aliimg.com_photo_v10_429910655_best_quality_ribbed_condom.jpg"
"High quality Glass Kegel balls, sex toy","3","4","50","Pieces","200.0","http://www.alibaba.com/product-detail/High-quality-Glass-Kegel-balls-sex_1885445576.html","China (Mainland)","Dongguan Danni Electronic Technology Co., Ltd.","http___i00.i.aliimg.com_photo_v3_1885445576_1_High_quality_Glass_Kegel_balls_sex_toy.jpg"
"high quality manufacturer ultra large condom","0.02","0.026","1000","Pieces","26.0","http://www.alibaba.com/product-detail/high-quality-manufacturer-ultra-large-condom_502407882.html","China (Mainland)","China Tianjin Recare Co., Ltd.","http___i00.i.aliimg.com_photo_v11_502407882_high_quality_manufacturer_ultra_large_condom.jpg"
"high quality and best price latex condom","0.013","0.035","100000","Pieces","3500.0000000000005","http://www.alibaba.com/product-detail/high-quality-and-best-price-latex_800891527.html","China (Mainland)","Hebei Baimei Latex Products Co., Ltd.","http___i01.i.aliimg.com_photo_v2_800891527_high_quality_and_best_price_latex_condom.jpg"
"high quality and best price latex condom","0.013","0.035","1000000","Pieces","35000.0","http://www.alibaba.com/product-detail/high-quality-and-best-price-latex_793210071.html","China (Mainland)","Hebei Baimei Latex Products Co., Ltd.","http___i01.i.aliimg.com_photo_v6_793210071_high_quality_and_best_price_latex_condom.jpg"
"good quality male condom","0.012","0.035","100000","Pieces","3500.0000000000005","http://www.alibaba.com/product-detail/good-quality-male-condom_794170338.html","China (Mainland)","Hebei Baimei Latex Products Co., Ltd.","http___i00.i.aliimg.com_photo_v5_794170338_good_quality_male_condom.jpg"
"ribbed and color condoms,super qquality","0.022","0.026","1000","Pieces","26.0","http://www.alibaba.com/product-detail/ribbed-and-color-condoms-super-qquality_60046016776.html","China (Mainland)","China Tianjin Recare Co., Ltd.","http___i00.i.aliimg.com_photo_v0_60046016776_ribbed_and_color_condoms_super_qquality.jpg"
"high quality natural latex ultra thin condom","0.02","0.026","1000","Pieces","26.0","http://www.alibaba.com/product-detail/high-quality-natural-latex-ultra-thin_60031886384.html","China (Mainland)","China Tianjin Recare Co., Ltd.","http___i00.i.aliimg.com_photo_v2_60031886384_high_quality_natural_latex_ultra_thin_condom.jpg"
"best quality natural latex large condom","0.022","0.026","1000","Pieces","26.0","http://www.alibaba.com/product-detail/best-quality-natural-latex-large-condom_60011189683.html","China (Mainland)","China Tianjin Recare Co., Ltd.","http___i01.i.aliimg.com_photo_v0_60011189683_1_best_quality_natural_latex_large_condom.jpg"
"best quality dotted and ribbed condom","0.02","0.026","1000","Pieces","26.0","http://www.alibaba.com/product-detail/best-quality-dotted-and-ribbed-condom_241367159.html","China (Mainland)","China Tianjin Recare Co., Ltd.","http___i01.i.aliimg.com_photo_v8_241367159_best_quality_dotted_and_ribbed_condom.jpg"
"high quality sensation condom","0.022","0.026","1000","Pieces","26.0","http://www.alibaba.com/product-detail/high-quality-sensation-condom_60038343033.html","China (Mainland)","China Tianjin Recare Co., Ltd.","http___i01.i.aliimg.com_photo_v2_60038343033_high_quality_sensation_condom.jpg"
"best durex quality dotted condom","0.022","0.026","1000","Pieces","26.0","http://www.alibaba.com/product-detail/best-durex-quality-dotted-condom_487034170.html","China (Mainland)","China Tianjin Recare Co., Ltd.","http___i00.i.aliimg.com_photo_v27_487034170_1_best_durex_quality_dotted_condom.jpg"
"best quality natural condom","0.02","0.025","1000","Pieces","25.0","http://www.alibaba.com/product-detail/best-quality-natural-condom_487120821.html","China (Mainland)","China Tianjin Recare Co., Ltd.","http___i01.i.aliimg.com_photo_v22_487120821_1_best_quality_natural_condom.jpg"
"best High quality latex special condom","0.02","0.026","1000","Pieces","26.0","http://www.alibaba.com/product-detail/best-High-quality-latex-special-condom_1931268663.html","China (Mainland)","China Tianjin Recare Co., Ltd.","http___i01.i.aliimg.com_photo_v0_1931268663_1_best_High_quality_latex_special_condom.jpg"
"best quality ribbed condom","0.02","0.026","1000","Pieces","26.0","http://www.alibaba.com/product-detail/best-quality-ribbed-condom_429910655.html","China (Mainland)","China Tianjin Recare Co., Ltd.","http___i01.i.aliimg.com_photo_v10_429910655_best_quality_ribbed_condom.jpg"
"good quality male OEM latex condom","0.02","0.06","100000","Pieces","6000.0","http://www.alibaba.com/product-detail/good-quality-male-OEM-latex-condom_1979248711.html","China (Mainland)","Shandong Yaqi Latex Technology Co., Ltd.","http___i01.i.aliimg.com_photo_v2_1979248711_good_quality_male_OEM_latex_condom.jpg"
"best quality sex dotted Condom","0.02","0.026","1000","Pieces","26.0","http://www.alibaba.com/product-detail/best-quality-sex-dotted-Condom_60010754761.html","China (Mainland)","China Tianjin Recare Co., Ltd.","http___i01.i.aliimg.com_photo_v3_60010754761_1_best_quality_sex_dotted_Condom.jpg"
"good quality latex condoms in China","0.015","0.032","1000000","Pieces","32000.0","http://www.alibaba.com/product-detail/good-quality-latex-condoms-in-China_978169443.html","China (Mainland)","Hebei Baimei Latex Products Co., Ltd.","http___i01.i.aliimg.com_photo_v1_978169443_good_quality_latex_condoms_in_China.jpg"
"Long love ultra safe quality condom","0.02","0.026","1000","Pieces","26.0","http://www.alibaba.com/product-detail/Long-love-ultra-safe-quality-condom_60045929044.html","China (Mainland)","China Tianjin Recare Co., Ltd.","http___i00.i.aliimg.com_photo_v0_60045929044_Long_love_ultra_safe_quality_condom.jpg"
"high quality colored condom","0.02","0.026","1000","Pieces","26.0","http://www.alibaba.com/product-detail/high-quality-colored-condom_60031363697.html","China (Mainland)","China Tianjin Recare Co., Ltd.","http___i01.i.aliimg.com_photo_v1_60031363697_high_quality_colored_condom.jpg"
"high quality super gay condom","0.02","0.026","1000","Pieces","26.0","http://www.alibaba.com/product-detail/high-quality-super-gay-condom_524070222.html","China (Mainland)","China Tianjin Recare Co., Ltd.","http___i00.i.aliimg.com_photo_v10_524070222_high_quality_super_gay_condom.jpg"
"durex quality delay condom","0.02","0.026","1000","Pieces","26.0","http://www.alibaba.com/product-detail/durex-quality-delay-condom_241173182.html","China (Mainland)","China Tianjin Recare Co., Ltd.","http___i00.i.aliimg.com_photo_v8_241173182_durex_quality_delay_condom.jpg"
"best quality large condom","0.02","0.026","1000","Pieces","26.0","http://www.alibaba.com/product-detail/best-quality-large-condom_502408159.html","China (Mainland)","China Tianjin Recare Co., Ltd.","http___i01.i.aliimg.com_photo_v15_502408159_best_quality_large_condom.jpg"
"best quality latex gay condom","0.02","0.026","1000","Pieces","26.0","http://www.alibaba.com/product-detail/best-quality-latex-gay-condom_60031207516.html","China (Mainland)","China Tianjin Recare Co., Ltd.","http___i00.i.aliimg.com_photo_v2_60031207516_best_quality_latex_gay_condom.jpg"
"high quality big condom","0.02","0.026","1000","Pieces","26.0","http://www.alibaba.com/product-detail/high-quality-big-condom_430448651.html","China (Mainland)","China Tianjin Recare Co., Ltd.","http___i01.i.aliimg.com_photo_v6_430448651_high_quality_big_condom.jpg"
"flavored color condom in DUREX quality","0.022","0.026","1000","Pieces","26.0","http://www.alibaba.com/product-detail/flavored-color-condom-in-DUREX-quality_60022512836.html","China (Mainland)","China Tianjin Recare Co., Ltd.","http___i00.i.aliimg.com_photo_v0_60022512836_flavored_color_condom_in_DUREX_quality.jpg"
"best quality flavour condom","0.02","0.026","1000","Pieces","26.0","http://www.alibaba.com/product-detail/best-quality-flavour-condom_433097378.html","China (Mainland)","China Tianjin Recare Co., Ltd.","http___i00.i.aliimg.com_photo_v6_433097378_best_quality_flavour_condom.jpg"
"Natural rubber latex condom with high quality and cheapest price","0.022","0.026","1000","Pieces","26.0","http://www.alibaba.com/product-detail/Natural-rubber-latex-condom-with-high_241366666.html","China (Mainland)","China Tianjin Recare Co., Ltd.","http___i00.i.aliimg.com_photo_v2_241366666_1_Natural_rubber_latex_condom_with_high_quality.jpg"
"high quality gay condom","0.02","0.026","1000","Pieces","26.0","http://www.alibaba.com/product-detail/high-quality-gay-condom_240962673.html","China (Mainland)","China Tianjin Recare Co., Ltd.","http___i01.i.aliimg.com_photo_v8_240962673_high_quality_gay_condom.jpg"
"Best quality ribbed and dotted condom(MANUFACTURER)","0.022","0.026","1000","Pieces","26.0","http://www.alibaba.com/product-detail/Best-quality-ribbed-and-dotted-condom_486719908.html","China (Mainland)","China Tianjin Recare Co., Ltd.","http___i00.i.aliimg.com_photo_v3_486719908_Best_quality_ribbed_and_dotted_condom_MANUFACTURER.jpg"
"flavored color condom in DUREX quality","0.022","0.026","1000","Pieces","26.0","http://www.alibaba.com/product-detail/flavored-color-condom-in-DUREX-quality_60022512836.html","China (Mainland)","China Tianjin Recare Co., Ltd.","http___i00.i.aliimg.com_photo_v0_60022512836_flavored_color_condom_in_DUREX_quality.jpg"
"Natural rubber latex condom with high quality and cheapest price","0.022","0.026","1000","Pieces","26.0","http://www.alibaba.com/product-detail/Natural-rubber-latex-condom-with-high_241366666.html","China (Mainland)","China Tianjin Recare Co., Ltd.","http___i00.i.aliimg.com_photo_v2_241366666_1_Natural_rubber_latex_condom_with_high_quality.jpg"
"high quality gay condom","0.02","0.026","1000","Pieces","26.0","http://www.alibaba.com/product-detail/high-quality-gay-condom_240962673.html","China (Mainland)","China Tianjin Recare Co., Ltd.","http___i01.i.aliimg.com_photo_v8_240962673_high_quality_gay_condom.jpg"
"2013 new high quality sex toys free shipping","0.1","200","1","Unit","200.0","http://www.alibaba.com/product-detail/2013-new-high-quality-sex-toys_996335229.html","China (Mainland)","Shenzhen Vincent Plastic & Rubber Industrial Co., Ltd.","http___i01.i.aliimg.com_photo_v0_996335229_2013_new_high_quality_sex_toys_free.jpg"
"Best quality ribbed and dotted condom(MANUFACTURER)","0.022","0.026","1000","Pieces","26.0","http://www.alibaba.com/product-detail/Best-quality-ribbed-and-dotted-condom_486719908.html","China (Mainland)","China Tianjin Recare Co., Ltd.","http___i00.i.aliimg.com_photo_v3_486719908_Best_quality_ribbed_and_dotted_condom_MANUFACTURER.jpg"
"Favorable price for condoms from quality OEM factory","0.019","0.04","500000","Pieces","20000.0","http://www.alibaba.com/product-detail/Favorable-price-for-condoms-from-quality_855121866.html","China (Mainland)","Japan Long-Tie (china) Co., Ltd.","http___i00.i.aliimg.com_photo_v33_855121866_1_Favorable_price_for_condoms_from_quality_OEM.jpg"
"best quality natural dotted latex condoms","0.02","0.026","300000","Pieces","7800.0","http://www.alibaba.com/product-detail/best-quality-natural-dotted-latex-condoms_280598980.html","China (Mainland)","China Tianjin Recare Co., Ltd.","http___i00.i.aliimg.com_photo_v2_280598980_best_quality_natural_dotted_latex_condoms.jpg"
"good quality male OEM latex condom","0.02","0.06","100000","Pieces","6000.0","http://www.alibaba.com/product-detail/good-quality-male-OEM-latex-condom_1979248711.html","China (Mainland)","Shandong Yaqi Latex Technology Co., Ltd.","http___i01.i.aliimg.com_photo_v2_1979248711_good_quality_male_OEM_latex_condom.jpg"
"wholesale alibaba quality vaporizer amazing OEM bullet vibrator AVB001","0.85","1.05","10","Pieces","10.5","http://www.alibaba.com/product-detail/wholesale-alibaba-quality-vaporizer-amazing-OEM_1996537692.html","China (Mainland)","Shenzhen Amanda Trade Co., Limited","http___i00.i.aliimg.com_photo_v1_1996537692_wholesale_alibaba_quality_vaporizer_amazing_OEM_bullet.jpg"
"Natural latex rubber condom (Contex quality)","0.022","0.04","5000","Pieces","200.0","http://www.alibaba.com/product-detail/Natural-latex-rubber-condom-Contex-quality-_1024818634.html","China (Mainland)","Jining Chengda Economic & Trade Co., Ltd.","http___i00.i.aliimg.com_photo_v0_1024818634_Natural_latex_rubber_condom_Contex_quality_.jpg"
"bulk male condoms, condoms bulk durex, high quality cheap price durex quality condoms","0.019","0.06","500000","Pieces","30000.0","http://www.alibaba.com/product-detail/bulk-male-condoms-condoms-bulk-durex_1563552311.html","China (Mainland)","Japan Long-Tie (china) Co., Ltd.","http___i01.i.aliimg.com_photo_v0_1563552311_bulk_male_condoms_condoms_bulk_durex_high.jpg"
"Top quality silicon cheap sex toys prices for female","5","6.9","5","Pieces","34.5","http://www.alibaba.com/product-detail/Top-quality-silicon-cheap-sex-toys_1872958638.html","China (Mainland)","Shenzhen Happiness Toys Co., Ltd.","http___i00.i.aliimg.com_photo_v0_1872958638_Top_quality_silicon_cheap_sex_toys_prices.jpg"
"New design high quality Silent Vibration Waterproof Female G-spot massage Sex Product","5","6","20","Pieces","120.0","http://www.alibaba.com/product-detail/New-design-high-quality-Silent-Vibration_1620650591.html","China (Mainland)","Yiwu Xin Ting E-Commerce Firm","http___i01.i.aliimg.com_photo_v1_1620650591_1_New_design_high_quality_Silent_Vibration_Waterproof.jpg"
"High quality USB AV Sex Magic Wand Massager For women","7.5","10","10","Pieces","100.0","http://www.alibaba.com/product-detail/High-quality-USB-AV-Sex-Magic_916080584.html","China (Mainland)","Shenzhen Bellswin Technology Co., Ltd.","http___i00.i.aliimg.com_photo_v6_916080584_High_quality_USB_AV_Sex_Magic_Wand.jpg"
"durex quality classic delay color condom","0.02","0.026","300000","Pieces","7800.0","http://www.alibaba.com/product-detail/durex-quality-classic-delay-color-condom_487544574.html","China (Mainland)","China Tianjin Recare Co., Ltd.","http___i00.i.aliimg.com_photo_v6_487544574_durex_quality_classic_delay_color_condom.jpg"
"Good quality natural latex condom with men women sex pictures,condom price cheap","0.01","0.06","300000","Pieces","18000.0","http://www.alibaba.com/product-detail/Good-quality-natural-latex-condom-with_1850831104.html","China (Mainland)","Japan Long-Tie (china) Co., Ltd.","http___i00.i.aliimg.com_photo_v0_1850831104_Good_quality_natural_latex_condom_with_men.jpg"
"high quality flavour delay classic condom","0.02","0.026","300000","Pieces","7800.0","http://www.alibaba.com/product-detail/high-quality-flavour-delay-classic-condom_429917324.html","China (Mainland)","China Tianjin Recare Co., Ltd.","http___i00.i.aliimg.com_photo_v9_429917324_high_quality_flavour_delay_classic_condom.jpg"
"high quality delay color flavour condom","0.02","0.026","300000","Pieces","7800.0","http://www.alibaba.com/product-detail/high-quality-delay-color-flavour-condom_429979879.html","China (Mainland)","China Tianjin Recare Co., Ltd.","http___i01.i.aliimg.com_photo_v18_429979879_high_quality_delay_color_flavour_condom.jpg"
"best quality natural classic condom","0.02","0.026","3000","Pieces","78.0","http://www.alibaba.com/product-detail/best-quality-natural-classic-condom_429918250.html","China (Mainland)","China Tianjin Recare Co., Ltd.","http___i00.i.aliimg.com_photo_v14_429918250_best_quality_natural_classic_condom.jpg"
"durex quality glow ribbed color condom","0.02","0.026","300000","Pieces","7800.0","http://www.alibaba.com/product-detail/durex-quality-glow-ribbed-color-condom_551470065.html","China (Mainland)","China Tianjin Recare Co., Ltd.","http___i01.i.aliimg.com_photo_v19_551470065_durex_quality_glow_ribbed_color_condom.jpg"
"high quality delay color flavour condom","0.02","0.026","300000","Pieces","7800.0","http://www.alibaba.com/product-detail/high-quality-delay-color-flavour-condom_433110165.html","China (Mainland)","China Tianjin Recare Co., Ltd.","http___i01.i.aliimg.com_photo_v5_433110165_high_quality_delay_color_flavour_condom.jpg"
"best quality classic thin dotted condom","0.02","0.026","1000","Pieces","26.0","http://www.alibaba.com/product-detail/best-quality-classic-thin-dotted-condom_429981722.html","China (Mainland)","China Tianjin Recare Co., Ltd.","http___i00.i.aliimg.com_photo_v8_429981722_best_quality_classic_thin_dotted_condom.jpg"
