silicon ingot manufacturers,8,10,1000,Kilograms,10000.0,http://www.alibaba.com/product-detail/silicon-ingot-manufacturers_1643876888.html,China (Mainland),"Xiamen Uni-Metal Imp&Exp Co., Ltd.",http___i00.i.aliimg.com_photo_v0_1643876888_silicon_ingot_manufacturers.jpg,US $8-10 / Kilogram ( FOB Price),
Ferro Silicon 75#-NO.:FeSiAl1.5-QY-2,1000,1300,40,Tons,52000.0,http://www.alibaba.com/product-detail/Ferro-Silicon-75-NO-FeSiAl1-5_452560174.html,China (Mainland),"Guangxi Qiuyang Import & Export Trading Co., Ltd.",http___i00.i.aliimg.com_photo_v22_452560174_Ferro_Silicon_75_NO_FeSiAl1_5_QY.jpg,US $1000-1300 / Ton ( FOB Price),
Metal Silicon grade 421 Made in China good quatily and low price,2275,2310,20,Metric,46200.0,http://www.alibaba.com/product-detail/Metal-Silicon-grade-421-Made-in_1769167853.html,China (Mainland),"Chongqing Kangmeng Trade Co., Ltd.",http___i01.i.aliimg.com_photo_v0_1769167853_Metal_Silicon_grade_421_Made_in_China.jpg,US $2275-2310 / Metric Ton ( FOB Price),
monocrystalline silicon ingot,0.01,1000,1,Piece,1000.0,http://www.alibaba.com/product-detail/monocrystalline-silicon-ingot_60072228869.html,China (Mainland),"Luoyang Silicon Electronic Co., Ltd.",http___i01.i.aliimg.com_photo_v0_60072228869_monocrystalline_silicon_ingot.jpg,US $0.01-1000 / Piece ( FOB Price),
Semiconductor Grade Ingot,0.80,1.00,2800,Grams,2800.0,http://www.alibaba.com/product-detail/Semiconductor-Grade-Ingot_133208363.html,United States,PETRO INTERNATIONAL CORPORATION,http___i01.i.aliimg.com_photo_v0_133208363_Semiconductor_Grade_Ingot.jpg,US $0.80-1.00 / Gram ( FOB Price),
Dry Powder Briquette Press Machine,1000,10000,1,Set,10000.0,http://www.alibaba.com/product-detail/Dry-Powder-Briquette-Press-Machine_582458143.html,China (Mainland),"Anyang Gemco Energy Machinery Co., Ltd.",http___i01.i.aliimg.com_photo_v1_582458143_Dry_Powder_Briquette_Press_Machine.jpg,US $1000-10000 / Set ( FOB Price),
Factory Supply Silicon Ingot 99% Min,5000,10000,10,Tons,100000.0,http://www.alibaba.com/product-detail/Factory-Supply-Silicon-Ingot-99-Min_1609811790.html,China (Mainland),"Cangzhou Vantaa Metal Products Co., Ltd.",http___i00.i.aliimg.com_photo_v92_1609811790_Factory_Supply_Silicon_Ingot_99_Min.jpg,US $5000-10000 / Ton ( FOB Price),
"Opaque Quartz Ingot,White fusing Quartz ingot",30,288,1,Piece,288.0,http://www.alibaba.com/product-detail/Opaque-Quartz-Ingot-White-fusing-Quartz_504098361.html,China (Mainland),"Lianyungang Fenqiang Trading Co., Ltd.",http___i01.i.aliimg.com_photo_v4_504098361_Opaque_Quartz_Ingot_White_fusing_Quartz_ingot.jpg,US $30-288 / Piece ( FOB Price),
Furnace Silicon Metal,2080,2150,24,Tons,51600.0,http://www.alibaba.com/product-detail/Furnace-Silicon-Metal_701353315.html,China (Mainland),"Yongkang City Damour Industry & Trade Co., Ltd.",http___i01.i.aliimg.com_photo_v0_701353315_Furnace_Silicon_Metal.jpg,US $2080-2150 / Ton ( FOB Price),
metal silicon,2300,2400,60,Metric,144000.0,http://www.alibaba.com/product-detail/metal-silicon_347426581.html,China (Mainland),"Anyang Jinfang Metallurgy Co., Ltd.",http___i01.i.aliimg.com_photo_v0_347426581_metal_silicon.jpg,US $2300-2400 / Metric Ton ( FOB Price),
Silicon Metal 2502,1,100000,1,Gram,100000.0,http://www.alibaba.com/product-detail/Silicon-Metal-2502_1388231963.html,China (Mainland),"Shanghai Ruizheng Chemical Technology Co., Ltd.",http___i01.i.aliimg.com_photo_v0_1388231963_Silicon_Metal_2502.jpg,US $1-100000 / Kilogram ( FOB Price),
silicon powder,3,5,1,Ton,5.0,http://www.alibaba.com/product-detail/silicon-powder_316633120.html,China (Mainland),"Shanghai CNPC Powder Material Co., Ltd.",http___i00.i.aliimg.com_photo_v0_316633120_silicon_powder.jpg,US $3-5 / Kilogram ( FOB Price),
N type silicon Ingot,100,139,10,Kilograms,1390.0,http://www.alibaba.com/product-detail/N-type-silicon-Ingot_488368353.html,China (Mainland),"Shanghai Panmeng Electronic Materials Co., Ltd.",http___i01.i.aliimg.com_photo_v7_488368353_N_type_silicon_Ingot.jpg,US $100-139 / Kilogram ( FOB Price),
solar grade silicon ingot,2200,2600,20,Metric,52000.0,http://www.alibaba.com/product-detail/solar-grade-silicon-ingot_1643782058.html,China (Mainland),"Xiamen Uni-Metal Imp&Exp Co., Ltd.",http___i00.i.aliimg.com_photo_v0_1643782058_solar_grade_silicon_ingot.jpg,US $2200-2600 / Metric Ton ( FOB Price),
Ferro Silicon70#,1000,1180,18,Long,21240.0,http://www.alibaba.com/product-detail/Ferro-Silicon70-_1150539481.html,China (Mainland),"Guangxi Qiuyang Import & Export Trading Co., Ltd.",http___i01.i.aliimg.com_photo_v22_1150539481_Ferro_Silicon70_.jpg,US $1000-1180 / Ton ( FOB Price),
Metal Silicon grade 421 Made in China good quatily and low price,2275,2310,20,Metric,46200.0,http://www.alibaba.com/product-detail/Metal-Silicon-grade-421-Made-in_1769068407.html,China (Mainland),"Chongqing Kangmeng Trade Co., Ltd.",http___i01.i.aliimg.com_photo_v0_1769068407_Metal_Silicon_grade_421_Made_in_China.jpg,US $2275-2310 / Metric Ton ( FOB Price),
price silicon ingot,0.01,1000,1,Piece,1000.0,http://www.alibaba.com/product-detail/price-silicon-ingot_60069275374.html,China (Mainland),"Luoyang Silicon Electronic Co., Ltd.",http___i00.i.aliimg.com_photo_v0_60069275374_price_silicon_ingot.jpg,US $0.01-1000 / Piece ( FOB Price),
Silicon Ingot in competitive price,5000,10000,10,Tons,100000.0,http://www.alibaba.com/product-detail/Silicon-Ingot-in-competitive-price_60020418944.html,China (Mainland),"Cangzhou Vantaa Metal Products Co., Ltd.",http___i00.i.aliimg.com_photo_v1_60020418944_Silicon_Ingot_in_competitive_price.jpg,US $5000-10000 / Ton ( FOB Price),
Silicon Metal 2202,2080,2150,24,Tons,51600.0,http://www.alibaba.com/product-detail/Silicon-Metal-2202_701380700.html,China (Mainland),"Yongkang City Damour Industry & Trade Co., Ltd.",http___i00.i.aliimg.com_photo_v0_701380700_Silicon_Metal_2202.jpg,US $2080-2150 / Ton ( FOB Price),
ferro silicon nitride,1800,1900,60,Metric,114000.0,http://www.alibaba.com/product-detail/ferro-silicon-nitride_341403148.html,China (Mainland),"Anyang Jinfang Metallurgy Co., Ltd.",http___i00.i.aliimg.com_photo_v0_341403148_ferro_silicon_nitride.jpg,US $1800-1900 / Metric Ton ( FOB Price),
Silicon Metal 4105,1,100000,1,Gram,100000.0,http://www.alibaba.com/product-detail/Silicon-Metal-4105_1388231957.html,China (Mainland),"Shanghai Ruizheng Chemical Technology Co., Ltd.",http___i01.i.aliimg.com_photo_v0_1388231957_Silicon_Metal_4105.jpg,US $1-100000 / Kilogram ( FOB Price),
Mono silicon Ingot,100,130,10,Kilograms,1300.0,http://www.alibaba.com/product-detail/Mono-silicon-Ingot_488368929.html,China (Mainland),"Shanghai Panmeng Electronic Materials Co., Ltd.",http___i01.i.aliimg.com_photo_v7_488368929_Mono_silicon_Ingot.jpg,US $100-130 / Kilogram ( FOB Price),
silicon ingot price,8,10,1000,Kilograms,10000.0,http://www.alibaba.com/product-detail/silicon-ingot-price_1621663712.html,China (Mainland),"Xiamen Uni-Metal Imp&Exp Co., Ltd.",http___i00.i.aliimg.com_photo_v0_1621663712_silicon_ingot_price.jpg,US $8-10 / Kilogram ( FOB Price),
Metal Silicon grade 421 Made in China good quatily and low price,2275,2310,20,Metric,46200.0,http://www.alibaba.com/product-detail/Metal-Silicon-grade-421-Made-in_1769161282.html,China (Mainland),"Chongqing Kangmeng Trade Co., Ltd.",http___i00.i.aliimg.com_photo_v0_1769161282_Metal_Silicon_grade_421_Made_in_China.jpg,US $2275-2310 / Metric Ton ( FOB Price),
Silicon Ingot 99%,5000,10000,10,Tons,100000.0,http://www.alibaba.com/product-detail/Silicon-Ingot-99-_1688137890.html,China (Mainland),"Cangzhou Vantaa Metal Products Co., Ltd.",http___i00.i.aliimg.com_photo_v45_1688137890_Silicon_Ingot_99_.jpg,US $5000-10000 / Ton ( FOB Price),
Ferro Silicon List75# 72# 65#,1300,1500,40,Tons,60000.0,http://www.alibaba.com/product-detail/Ferro-Silicon-List75-72-65-_528477187.html,China (Mainland),"Guangxi Qiuyang Import & Export Trading Co., Ltd.",http___i01.i.aliimg.com_photo_v21_528477187_1_Ferro_Silicon_List75_72_65_.jpg,US $1300-1500 / Ton ( FOB Price),
Silicon Metal,2080,2150,24,Tons,51600.0,http://www.alibaba.com/product-detail/Silicon-Metal_701375675.html,China (Mainland),"Yongkang City Damour Industry & Trade Co., Ltd.",http___i01.i.aliimg.com_photo_v0_701375675_Silicon_Metal.jpg,US $2080-2150 / Ton ( FOB Price),
anyang supply ferro silicon nitride Si3N4,1800,1900,20,Metric,38000.0,http://www.alibaba.com/product-detail/anyang-supply-ferro-silicon-nitride-Si3N4_342344538.html,China (Mainland),"Anyang Jinfang Metallurgy Co., Ltd.",http___i00.i.aliimg.com_photo_v1_342344538_anyang_supply_ferro_silicon_nitride_Si3N4.jpg,US $1800-1900 / Metric Ton ( FOB Price),"Place of Origin: CN;HEN
																																												; Dimensions: Si3N4
																																												; Grade: 6N (99.9999%)
																																												; Brand Name: JF
																																												; Alloy Or Not: Is Alloy
																																												; Model Number: Si3N4
																																												; Secondary Or Not: Non-secondary
																																												; Weight: 1mt /bag
																																												; lump: greyish white"
Silicon Metal 2202,1,100000,1,Gram,100000.0,http://www.alibaba.com/product-detail/Silicon-Metal-2202_1388231951.html,China (Mainland),"Shanghai Ruizheng Chemical Technology Co., Ltd.",http___i01.i.aliimg.com_photo_v0_1388231951_Silicon_Metal_2202.jpg,US $1-100000 / Kilogram ( FOB Price),"Brand Name: Richest Group
																																												; Packaging Detail: in plastic woven big bags of 1000kgs net each
																																												; Delivery Detail: prompt shippment within 15 days"
Silicon Ingot & Scrap,60,65,3,Tons,195.0,http://www.alibaba.com/product-detail/Silicon-Ingot-Scrap_107203776.html,South Korea,"Solar Hub Co., Ltd.",http___i00.i.aliimg.com_photo_v0_107203776_Silicon_Ingot_Scrap.jpg,US $60-65,"Brand Name: Siltronic
																																												; IC-grade: fall-out
																																												; Place of Origin: Germany
																																												; Model Number: 200mm/300mm"
silicon ingot metal,8,10,1000,Kilograms,10000.0,http://www.alibaba.com/product-detail/silicon-ingot-metal_1649715437.html,China (Mainland),"Xiamen Uni-Metal Imp&Exp Co., Ltd.",http___i01.i.aliimg.com_photo_v0_1649715437_silicon_ingot_metal.jpg,US $8-10 / Kilogram ( FOB Price),"Place of Origin: CN;FUJ
																																												; Dimensions: 4N
																																												; Grade: 6N (99.9999%)
																																												; Brand Name: unimetal
																																												; Alloy Or Not: Non-alloy
																																												; Model Number: 4N
																																												; Secondary Or Not: Non-secondary
																																												; Weight: 4.54KG
																																												; Purity: 99.9999%
																																												; Main material: silicon metal
																																												; Product name: silicon ingot metal
																																												; application: solar cell/panel
																																												; certification: REACH/ISO
																																												; Color: silver gray
																																												; raw material: silicon metal
																																												; content: si;fe;al;ca;p;b"
solar silicon ingot,5,20,20,Metric,400.0,http://www.alibaba.com/product-detail/solar-silicon-ingot_1621819131.html,China (Mainland),"Xiamen Uni-Metal Imp&Exp Co., Ltd.",http___i01.i.aliimg.com_photo_v0_1621819131_solar_silicon_ingot.jpg,US $5-20 / Kilogram ( FOB Price),"Place of Origin: CN;FUJ
																																												; Dimensions: SILICON 99.9999%
																																												; Grade: 6N (99.9999%)
																																												; Brand Name: UNIMETAL
																																												; Alloy Or Not: Non-alloy
																																												; Model Number: Solar silicon ingot
																																												; Secondary Or Not: Non-secondary
																																												; Weight: 4.54KG
																																												; Size: 10-100MM
																																												; Application: solar energy
																																												; Si content: 99.9999%
																																												; Factory History: Since 1999
																																												; Catalog: Other Solar energy related product
																																												; Main material: silicon"
Ingot silicon,5,20,20,Metric,400.0,http://www.alibaba.com/product-detail/Ingot-silicon_1637129699.html,China (Mainland),"Xiamen Uni-Metal Imp&Exp Co., Ltd.",http___i01.i.aliimg.com_photo_v0_1637129699_Ingot_silicon.jpg,US $5-20 / Kilogram ( FOB Price),"Place of Origin: CN;FUJ
																																												; Dimensions: SILICON 99.9999%
																																												; Grade: 6N (99.9999%)
																																												; Brand Name: UNIMETAL
																																												; Alloy Or Not: Non-alloy
																																												; Model Number: ingot silicon
																																												; Secondary Or Not: Non-secondary
																																												; Weight: 4.54KG
																																												; Size: 10-100MM
																																												; Application: solar energy
																																												; Si content: 99.9999%
																																												; Factory History: Since 1999
																																												; Catalog: Other Solar energy related product
																																												; Main material: silicon
																																												; Product name: ingot silicon"
silicon chunks,10000,20000,2,Metric,40000.0,http://www.alibaba.com/product-detail/silicon-chunks_1636921672.html,China (Mainland),"Xiamen Uni-Metal Imp&Exp Co., Ltd.",http___i00.i.aliimg.com_photo_v0_1636921672_silicon_chunks.jpg,US $10000-20000 / Metric Ton ( FOB Price),"Place of Origin: CN;FUJ
																																												; Grade: 6N (99.9999%),polysiicon
																																												; Brand Name: unimetal
																																												; Alloy Or Not: Non-alloy
																																												; Model Number: silicon chunks 4N/5N/6N
																																												; Secondary Or Not: Non-secondary
																																												; Weight: 2.5KG
																																												; Size: <0.8mm
																																												; Application: Solar energy
																																												; Product name: silicon chunks
																																												; Si content: 99.99%
																																												; Main raw materials: Quartzs
																																												; Sample: Available
																																												; Testing cost: To be paid by buyer
																																												; Factor history: Since 1999"
IC grade mono silicon ingot,100,127,10,Kilograms,1270.0,http://www.alibaba.com/product-detail/IC-grade-mono-silicon-ingot_437460504.html,China (Mainland),"Shanghai Panmeng Electronic Materials Co., Ltd.",http___i00.i.aliimg.com_photo_v12_437460504_IC_grade_mono_silicon_ingot.jpg,US $100-127 / Kilogram ( FOB Price),
IC grade mono silicon ingot,107,120,10,Kilograms,1200.0,http://www.alibaba.com/product-detail/IC-grade-mono-silicon-ingot_1069415130.html,China (Mainland),"Shanghai Panmeng Electronic Materials Co., Ltd.",http___i00.i.aliimg.com_photo_v6_1069415130_1_IC_grade_mono_silicon_ingot.jpg,US $107-120 / Kilogram ( FOB Price),
IC grade mono silicon ingot,107,117,10,Kilograms,1170.0,http://www.alibaba.com/product-detail/IC-grade-mono-silicon-ingot_437456034.html,China (Mainland),"Shanghai Panmeng Electronic Materials Co., Ltd.",http___i00.i.aliimg.com_photo_v14_437456034_1_IC_grade_mono_silicon_ingot.jpg,US $107-117 / Kilogram ( FOB Price),
IC grade mono silicon ingot,102,117,10,Kilograms,1170.0,http://www.alibaba.com/product-detail/IC-grade-mono-silicon-ingot_1644078341.html,China (Mainland),"Shanghai Panmeng Electronic Materials Co., Ltd.",http___i01.i.aliimg.com_photo_v6_1644078341_1_IC_grade_mono_silicon_ingot.jpg,US $102-117 / Kilogram ( FOB Price),
IC grade mono silicon ingot,97,117,10,Kilograms,1170.0,http://www.alibaba.com/product-detail/IC-grade-mono-silicon-ingot_437462768.html,China (Mainland),"Shanghai Panmeng Electronic Materials Co., Ltd.",http___i00.i.aliimg.com_photo_v10_437462768_1_IC_grade_mono_silicon_ingot.jpg,US $97-117 / Kilogram ( FOB Price),
IC grade mono silicon ingot,70,80,10,Kilograms,800.0,http://www.alibaba.com/product-detail/IC-grade-mono-silicon-ingot_1644095015.html,China (Mainland),"Shanghai Panmeng Electronic Materials Co., Ltd.",http___i01.i.aliimg.com_photo_v6_1644095015_1_IC_grade_mono_silicon_ingot.jpg,US $70-80 / Kilogram ( FOB Price),
mono silicon ingot for x-ray mirror,0,0,10,Kilograms,0.0,http://www.alibaba.com/product-detail/mono-silicon-ingot-for-x-ray_1664028147.html,China (Mainland),"Shanghai Panmeng Electronic Materials Co., Ltd.",http___i01.i.aliimg.com_photo_v5_1664028147_mono_silicon_ingot_for_x_ray_mirror.jpg,US $0 / Kilogram ( FOB Price),
3''-8'' IC grade mono silicon ingot,100,110,10,Kilograms,1100.0,http://www.alibaba.com/product-detail/3-8-IC-grade-mono-silicon_459809097.html,China (Mainland),"Shanghai Panmeng Electronic Materials Co., Ltd.",http___i01.i.aliimg.com_photo_v18_459809097_3_8_IC_grade_mono_silicon_ingot.jpg,US $100-110 / Kilogram ( FOB Price),
SEMI grade monosilicon ingots,200,200,10,Kilograms,2000.0,http://www.alibaba.com/product-detail/SEMI-grade-monosilicon-ingots_488329128.html,China (Mainland),"Shanghai Panmeng Electronic Materials Co., Ltd.",http___i00.i.aliimg.com_photo_v6_488329128_SEMI_grade_monosilicon_ingots.jpg,US $200 / Kilogram ( FOB Price),
X-ray test mono silicon ingot,0,0,10,Kilograms,0.0,http://www.alibaba.com/product-detail/X-ray-test-mono-silicon-ingot_1924447510.html,China (Mainland),"Shanghai Panmeng Electronic Materials Co., Ltd.",http___i00.i.aliimg.com_photo_v4_1924447510_X_ray_test_mono_silicon_ingot.jpg,US $0 / Kilogram ( FOB Price),
IC grade monocrystalline silicon ingot,100,103,50,Kilograms,5150.0,http://www.alibaba.com/product-detail/IC-grade-monocrystalline-silicon-ingot_446769830.html,China (Mainland),"Shanghai Panmeng Electronic Materials Co., Ltd.",http___i00.i.aliimg.com_photo_v23_446769830_IC_grade_monocrystalline_silicon_ingot.jpg,US $100-103 / Kilogram ( FOB Price),
IC grade monocrystalline silicon ingot,200,200,10,Kilograms,2000.0,http://www.alibaba.com/product-detail/IC-grade-monocrystalline-silicon-ingot_458298630.html,China (Mainland),"Shanghai Panmeng Electronic Materials Co., Ltd.",http___i00.i.aliimg.com_photo_v25_458298630_IC_grade_monocrystalline_silicon_ingot.jpg,US $200 / Kilogram ( FOB Price),
IC Grade Monocrystalline Silicon Ingot,200,200,10,Kilograms,2000.0,http://www.alibaba.com/product-detail/IC-Grade-Monocrystalline-Silicon-Ingot_443137965.html,China (Mainland),"Shanghai Panmeng Electronic Materials Co., Ltd.",http___i01.i.aliimg.com_photo_v24_443137965_IC_Grade_Monocrystalline_Silicon_Ingot.jpg,US $200 / Kilogram ( FOB Price),
IC grade monocrystalline silicon ingot,200,200,10,Kilograms,2000.0,http://www.alibaba.com/product-detail/IC-grade-monocrystalline-silicon-ingot_454646240.html,China (Mainland),"Shanghai Panmeng Electronic Materials Co., Ltd.",http___i00.i.aliimg.com_photo_v22_454646240_IC_grade_monocrystalline_silicon_ingot.jpg,US $200 / Kilogram ( FOB Price),
IC Grade Monocrystalline Silicon Ingot,200,200,10,Kilograms,2000.0,http://www.alibaba.com/product-detail/IC-Grade-Monocrystalline-Silicon-Ingot_444965691.html,China (Mainland),"Shanghai Panmeng Electronic Materials Co., Ltd.",http___i01.i.aliimg.com_photo_v19_444965691_IC_Grade_Monocrystalline_Silicon_Ingot.jpg,US $200 / Kilogram ( FOB Price),
IC Grade Monocrystalline Silicon Ingot,100,110,10,Kilograms,1100.0,http://www.alibaba.com/product-detail/IC-Grade-Monocrystalline-Silicon-Ingot_455841322.html,China (Mainland),"Shanghai Panmeng Electronic Materials Co., Ltd.",http___i00.i.aliimg.com_photo_v12_455841322_IC_Grade_Monocrystalline_Silicon_Ingot.jpg,US $100-110 / Kilogram ( FOB Price),
SEMI/IC Grade Monosilicon Ingot,97,111,50,Kilograms,5550.0,http://www.alibaba.com/product-detail/SEMI-IC-Grade-Monosilicon-Ingot_488396412.html,China (Mainland),"Shanghai Panmeng Electronic Materials Co., Ltd.",http___i00.i.aliimg.com_photo_v7_488396412_1_SEMI_IC_Grade_Monosilicon_Ingot.jpg,US $97-111 / Kilogram ( FOB Price),
IC grade monocrystalline silicon Ingot,200,200,10,Kilograms,2000.0,http://www.alibaba.com/product-detail/IC-grade-monocrystalline-silicon-Ingot_450136428.html,China (Mainland),"Shanghai Panmeng Electronic Materials Co., Ltd.",http___i00.i.aliimg.com_photo_v22_450136428_IC_grade_monocrystalline_silicon_Ingot.jpg,US $200 / Kilogram ( FOB Price),
IC grade monocrystalline silicon Ingot,100,110,10,Kilograms,1100.0,http://www.alibaba.com/product-detail/IC-grade-monocrystalline-silicon-Ingot_453729560.html,China (Mainland),"Shanghai Panmeng Electronic Materials Co., Ltd.",http___i00.i.aliimg.com_photo_v12_453729560_IC_grade_monocrystalline_silicon_Ingot.jpg,US $100-110 / Kilogram ( FOB Price),
IC Monocrystalline Silicon Ingots,107,127,10,Kilograms,1270.0,http://www.alibaba.com/product-detail/IC-Monocrystalline-Silicon-Ingots_1644116420.html,China (Mainland),"Shanghai Panmeng Electronic Materials Co., Ltd.",http___i00.i.aliimg.com_photo_v7_1644116420_1_IC_Monocrystalline_Silicon_Ingots.jpg,US $107-127 / Kilogram ( FOB Price),
Dopant Boron IC silicon ingot,200,200,10,Kilograms,2000.0,http://www.alibaba.com/product-detail/Dopant-Boron-IC-silicon-ingot_457898261.html,China (Mainland),"Shanghai Panmeng Electronic Materials Co., Ltd.",http___i01.i.aliimg.com_photo_v17_457898261_Dopant_Boron_IC_silicon_ingot.jpg,US $200 / Kilogram ( FOB Price),
IC/SEMI Grade Mono Silicon Ingots,1,100,1,Kilogram,100.0,http://www.alibaba.com/product-detail/IC-SEMI-Grade-Mono-Silicon-Ingots_460989847.html,China (Mainland),"Shanghai Panmeng Electronic Materials Co., Ltd.",http___i01.i.aliimg.com_photo_v9_460989847_IC_SEMI_Grade_Mono_Silicon_Ingots.jpg,US $1-100 / Kilogram ( FOB Price),
"3""Dopant As IC silicon ingot",200,200,10,Kilograms,2000.0,http://www.alibaba.com/product-detail/3-Dopant-As-IC-silicon-ingot_457900208.html,China (Mainland),"Shanghai Panmeng Electronic Materials Co., Ltd.",http___i00.i.aliimg.com_photo_v15_457900208_3_Dopant_As_IC_silicon_ingot.jpg,US $200 / Kilogram ( FOB Price),
"4""Dopant Sb IC silicon ingot",200,200,10,Kilograms,2000.0,http://www.alibaba.com/product-detail/4-Dopant-Sb-IC-silicon-ingot_457903239.html,China (Mainland),"Shanghai Panmeng Electronic Materials Co., Ltd.",http___i01.i.aliimg.com_photo_v10_457903239_4_Dopant_Sb_IC_silicon_ingot.jpg,US $200 / Kilogram ( FOB Price),
IC grade monocystalline silicon Ingot,100,110,10,Kilograms,1100.0,http://www.alibaba.com/product-detail/IC-grade-monocystalline-silicon-Ingot_455119685.html,China (Mainland),"Shanghai Panmeng Electronic Materials Co., Ltd.",http___i01.i.aliimg.com_photo_v17_455119685_IC_grade_monocystalline_silicon_Ingot.jpg,US $100-110 / Kilogram ( FOB Price),
IC grade mono silicon ingot,77,117,10,Kilograms,1170.0,http://www.alibaba.com/product-detail/IC-grade-mono-silicon-ingot_437466729.html,China (Mainland),"Shanghai Panmeng Electronic Materials Co., Ltd.",http___i01.i.aliimg.com_photo_v14_437466729_IC_grade_mono_silicon_ingot.jpg,US $77-117 / Kilogram ( FOB Price),
solar grade solar silicon ingot,200,200,10,Kilograms,2000.0,http://www.alibaba.com/product-detail/solar-grade-solar-silicon-ingot_446772735.html,China (Mainland),"Shanghai Panmeng Electronic Materials Co., Ltd.",http___i01.i.aliimg.com_photo_v21_446772735_solar_grade_solar_silicon_ingot.jpg,US $200 / Kilogram ( FOB Price),
SEMI Grade silicon Ingot,1,130,10,Kilograms,1300.0,http://www.alibaba.com/product-detail/SEMI-Grade-silicon-Ingot_488395656.html,China (Mainland),"Shanghai Panmeng Electronic Materials Co., Ltd.",http___i00.i.aliimg.com_photo_v8_488395656_1_SEMI_Grade_silicon_Ingot.jpg,US $1-130 / Kilogram ( FOB Price),
solar grade silicon ingot,35,40,10,Kilograms,400.0,http://www.alibaba.com/product-detail/solar-grade-silicon-ingot_526450492.html,China (Mainland),"Shanghai Panmeng Electronic Materials Co., Ltd.",http___i00.i.aliimg.com_photo_v18_526450492_solar_grade_silicon_ingot.jpg,US $35-40 / Kilogram ( FOB Price),
solar grade silicon ingot,30,50,25,Kilograms,1250.0,http://www.alibaba.com/product-detail/solar-grade-silicon-ingot_1157620168.html,China (Mainland),"Shanghai Panmeng Electronic Materials Co., Ltd.",http___i00.i.aliimg.com_photo_v15_1157620168_solar_grade_silicon_ingot.jpg,US $30-50 / Kilogram ( FOB Price),
solar grade silicon ingot,20,50,10,Kilograms,500.0,http://www.alibaba.com/product-detail/solar-grade-silicon-ingot_1157644283.html,China (Mainland),"Shanghai Panmeng Electronic Materials Co., Ltd.",http___i01.i.aliimg.com_photo_v15_1157644283_solar_grade_silicon_ingot.jpg,US $20-50 / Kilogram ( FOB Price),
solar grade silicon ingot,25,35,10,Kilograms,350.0,http://www.alibaba.com/product-detail/solar-grade-silicon-ingot_560064754.html,China (Mainland),"Shanghai Panmeng Electronic Materials Co., Ltd.",http___i00.i.aliimg.com_photo_v17_560064754_solar_grade_silicon_ingot.jpg,US $25-35 / Kilogram ( FOB Price),
Solar grade silicon ingot,28,50,10,Kilograms,500.0,http://www.alibaba.com/product-detail/Solar-grade-silicon-ingot_1157620070.html,China (Mainland),"Shanghai Panmeng Electronic Materials Co., Ltd.",http___i00.i.aliimg.com_photo_v13_1157620070_Solar_grade_silicon_ingot.jpg,US $28-50 / Kilogram ( FOB Price),
"4""Dopant Phos IC silicon ingot",80,98,50,Kilograms,4900.0,http://www.alibaba.com/product-detail/4-Dopant-Phos-IC-silicon-ingot_457894599.html,China (Mainland),"Shanghai Panmeng Electronic Materials Co., Ltd.",http___i01.i.aliimg.com_photo_v14_457894599_4_Dopant_Phos_IC_silicon_ingot.jpg,US $80-98 / Kilogram ( FOB Price),
"8"" IC grade mono silicon ingot",97,101,50,Kilograms,5050.0,http://www.alibaba.com/product-detail/8-IC-grade-mono-silicon-ingot_458267666.html,China (Mainland),"Shanghai Panmeng Electronic Materials Co., Ltd.",http___i00.i.aliimg.com_photo_v13_458267666_8_IC_grade_mono_silicon_ingot.jpg,US $97-101 / Kilogram ( FOB Price),
"8""Dopant As IC silicon ingot",200,200,10,Kilograms,2000.0,http://www.alibaba.com/product-detail/8-Dopant-As-IC-silicon-ingot_457901945.html,China (Mainland),"Shanghai Panmeng Electronic Materials Co., Ltd.",http___i01.i.aliimg.com_photo_v11_457901945_8_Dopant_As_IC_silicon_ingot.jpg,US $200 / Kilogram ( FOB Price),
Dopant Phos IC silicon ingot,200,200,10,Kilograms,2000.0,http://www.alibaba.com/product-detail/Dopant-Phos-IC-silicon-ingot_457897016.html,China (Mainland),"Shanghai Panmeng Electronic Materials Co., Ltd.",http___i00.i.aliimg.com_photo_v11_457897016_Dopant_Phos_IC_silicon_ingot.jpg,US $200 / Kilogram ( FOB Price),
IC grade mono silicon ingot,0,0,10,Kilograms,0.0,http://www.alibaba.com/product-detail/IC-grade-mono-silicon-ingot_1664013881.html,China (Mainland),"Shanghai Panmeng Electronic Materials Co., Ltd.",http___i01.i.aliimg.com_photo_v5_1664013881_IC_grade_mono_silicon_ingot.jpg,US $0 / Kilogram ( FOB Price),
IC grade monosilicon Ingots,200,200,10,Kilograms,2000.0,http://www.alibaba.com/product-detail/IC-grade-monosilicon-Ingots_488326276.html,China (Mainland),"Shanghai Panmeng Electronic Materials Co., Ltd.",http___i00.i.aliimg.com_photo_v6_488326276_IC_grade_monosilicon_Ingots.jpg,US $200 / Kilogram ( FOB Price),
SEMI/IC Grade Monosilicon Ingots,200,200,10,Kilograms,2000.0,http://www.alibaba.com/product-detail/SEMI-IC-Grade-Monosilicon-Ingots_488304326.html,China (Mainland),"Shanghai Panmeng Electronic Materials Co., Ltd.",http___i00.i.aliimg.com_photo_v6_488304326_SEMI_IC_Grade_Monosilicon_Ingots.jpg,US $200 / Kilogram ( FOB Price),
"6""Dopant Sb IC silicon ingot",200,200,10,Kilograms,2000.0,http://www.alibaba.com/product-detail/6-Dopant-Sb-IC-silicon-ingot_457902780.html,China (Mainland),"Shanghai Panmeng Electronic Materials Co., Ltd.",http___i00.i.aliimg.com_photo_v10_457902780_6_Dopant_Sb_IC_silicon_ingot.jpg,US $200 / Kilogram ( FOB Price),
Large diameter silicon ingot,40,110,50,Kilograms,5500.0,http://www.alibaba.com/product-detail/Large-diameter-silicon-ingot_1617869368.html,China (Mainland),"Shanghai Panmeng Electronic Materials Co., Ltd.",http___i00.i.aliimg.com_photo_v9_1617869368_1_Large_diameter_silicon_ingot.jpg,US $40-110 / Kilogram ( FOB Price),
IC grade FZ silicon ingot,100,150,10,Kilograms,1500.0,http://www.alibaba.com/product-detail/IC-grade-FZ-silicon-ingot_460546136.html,China (Mainland),"Shanghai Panmeng Electronic Materials Co., Ltd.",http___i00.i.aliimg.com_photo_v14_460546136_IC_grade_FZ_silicon_ingot.jpg,US $100-150 / Kilogram ( FOB Price),
IC grade mono silicon ingot,100,120,10,Kilograms,1200.0,http://www.alibaba.com/product-detail/IC-grade-mono-silicon-ingot_1644074785.html,China (Mainland),"Shanghai Panmeng Electronic Materials Co., Ltd.",http___i01.i.aliimg.com_photo_v5_1644074785_IC_grade_mono_silicon_ingot.jpg,US $100-120 / Kilogram ( FOB Price),
IC grade mono silicon ingot,101,122,10,Kilograms,1220.0,http://www.alibaba.com/product-detail/IC-grade-mono-silicon-ingot_1653002518.html,China (Mainland),"Shanghai Panmeng Electronic Materials Co., Ltd.",http___i00.i.aliimg.com_photo_v6_1653002518_IC_grade_mono_silicon_ingot.jpg,US $101-122 / Kilogram ( FOB Price),
IC grade mono silicon ingot,102,117,10,Kilograms,1170.0,http://www.alibaba.com/product-detail/IC-grade-mono-silicon-ingot_460155750.html,China (Mainland),"Shanghai Panmeng Electronic Materials Co., Ltd.",http___i00.i.aliimg.com_photo_v10_460155750_IC_grade_mono_silicon_ingot.jpg,US $102-117 / Kilogram ( FOB Price),
X ray mirror mono silicon ingot,0,0,10,Kilograms,0.0,http://www.alibaba.com/product-detail/X-ray-mirror-mono-silicon-ingot_1652994022.html,China (Mainland),"Shanghai Panmeng Electronic Materials Co., Ltd.",http___i00.i.aliimg.com_photo_v3_1652994022_X_ray_mirror_mono_silicon_ingot.jpg,US $0 / Kilogram ( FOB Price),
IC grade mono silicon ingot,100,111,10,Kilograms,1110.0,http://www.alibaba.com/product-detail/IC-grade-mono-silicon-ingot_457536394.html,China (Mainland),"Shanghai Panmeng Electronic Materials Co., Ltd.",http___i00.i.aliimg.com_photo_v12_457536394_IC_grade_mono_silicon_ingot.jpg,US $100-111 / Kilogram ( FOB Price),
"6""Low Resistivity IC Silicon Ingot",200,200,10,Kilograms,2000.0,http://www.alibaba.com/product-detail/6-Low-Resistivity-IC-Silicon-Ingot_458245190.html,China (Mainland),"Shanghai Panmeng Electronic Materials Co., Ltd.",http___i00.i.aliimg.com_photo_v23_458245190_6_Low_Resistivity_IC_Silicon_Ingot.jpg,US $200 / Kilogram ( FOB Price),
"4"" IC mono Silicon Ingot",100,110,50,Kilograms,5500.0,http://www.alibaba.com/product-detail/4-IC-mono-Silicon-Ingot_451955519.html,China (Mainland),"Shanghai Panmeng Electronic Materials Co., Ltd.",http___i01.i.aliimg.com_photo_v14_451955519_4_IC_mono_Silicon_Ingot.jpg,US $100-110 / Kilogram ( FOB Price),
Large diameter silicon ingot,40,110,50,Kilograms,5500.0,http://www.alibaba.com/product-detail/Large-diameter-silicon-ingot_1617869368.html,China (Mainland),"Shanghai Panmeng Electronic Materials Co., Ltd.",http___i00.i.aliimg.com_photo_v9_1617869368_1_Large_diameter_silicon_ingot.jpg,US $40-110 / Kilogram ( FOB Price),
IC grade FZ silicon ingot,100,150,10,Kilograms,1500.0,http://www.alibaba.com/product-detail/IC-grade-FZ-silicon-ingot_460546136.html,China (Mainland),"Shanghai Panmeng Electronic Materials Co., Ltd.",http___i00.i.aliimg.com_photo_v14_460546136_IC_grade_FZ_silicon_ingot.jpg,US $100-150 / Kilogram ( FOB Price),
IC grade mono silicon ingot,101,122,10,Kilograms,1220.0,http://www.alibaba.com/product-detail/IC-grade-mono-silicon-ingot_1653002518.html,China (Mainland),"Shanghai Panmeng Electronic Materials Co., Ltd.",http___i00.i.aliimg.com_photo_v6_1653002518_IC_grade_mono_silicon_ingot.jpg,US $101-122 / Kilogram ( FOB Price),
IC grade mono silicon ingot,102,117,10,Kilograms,1170.0,http://www.alibaba.com/product-detail/IC-grade-mono-silicon-ingot_460155750.html,China (Mainland),"Shanghai Panmeng Electronic Materials Co., Ltd.",http___i00.i.aliimg.com_photo_v10_460155750_IC_grade_mono_silicon_ingot.jpg,US $102-117 / Kilogram ( FOB Price),
IC grade mono silicon ingot,100,120,10,Kilograms,1200.0,http://www.alibaba.com/product-detail/IC-grade-mono-silicon-ingot_1644074785.html,China (Mainland),"Shanghai Panmeng Electronic Materials Co., Ltd.",http___i01.i.aliimg.com_photo_v5_1644074785_IC_grade_mono_silicon_ingot.jpg,US $100-120 / Kilogram ( FOB Price),
X ray mirror mono silicon ingot,0,0,10,Kilograms,0.0,http://www.alibaba.com/product-detail/X-ray-mirror-mono-silicon-ingot_1652994022.html,China (Mainland),"Shanghai Panmeng Electronic Materials Co., Ltd.",http___i00.i.aliimg.com_photo_v3_1652994022_X_ray_mirror_mono_silicon_ingot.jpg,US $0 / Kilogram ( FOB Price),
IC grade mono silicon ingot,100,111,10,Kilograms,1110.0,http://www.alibaba.com/product-detail/IC-grade-mono-silicon-ingot_457536394.html,China (Mainland),"Shanghai Panmeng Electronic Materials Co., Ltd.",http___i00.i.aliimg.com_photo_v12_457536394_IC_grade_mono_silicon_ingot.jpg,US $100-111 / Kilogram ( FOB Price),
"6""Low Resistivity IC Silicon Ingot",200,200,10,Kilograms,2000.0,http://www.alibaba.com/product-detail/6-Low-Resistivity-IC-Silicon-Ingot_458245190.html,China (Mainland),"Shanghai Panmeng Electronic Materials Co., Ltd.",http___i00.i.aliimg.com_photo_v23_458245190_6_Low_Resistivity_IC_Silicon_Ingot.jpg,US $200 / Kilogram ( FOB Price),
"4"" IC mono Silicon Ingot",100,110,50,Kilograms,5500.0,http://www.alibaba.com/product-detail/4-IC-mono-Silicon-Ingot_451955519.html,China (Mainland),"Shanghai Panmeng Electronic Materials Co., Ltd.",http___i01.i.aliimg.com_photo_v14_451955519_4_IC_mono_Silicon_Ingot.jpg,US $100-110 / Kilogram ( FOB Price),
solar grade silicon ingot,40,46,10,Kilograms,460.0,http://www.alibaba.com/product-detail/solar-grade-silicon-ingot_560884422.html,China (Mainland),"Shanghai Panmeng Electronic Materials Co., Ltd.",http___i00.i.aliimg.com_photo_v22_560884422_solar_grade_silicon_ingot.jpg,US $40-46 / Kilogram ( FOB Price),
IC grade mono silicon ingots,102,104,10,Kilograms,1040.0,http://www.alibaba.com/product-detail/IC-grade-mono-silicon-ingots_433012681.html,China (Mainland),"Shanghai Panmeng Electronic Materials Co., Ltd.",http___i01.i.aliimg.com_photo_v6_433012681_IC_grade_mono_silicon_ingots.jpg,US $102-104 / Kilogram ( FOB Price),
IC grade mono silicon ingots,99,108,10,Kilograms,1080.0,http://www.alibaba.com/product-detail/IC-grade-mono-silicon-ingots_431469777.html,China (Mainland),"Shanghai Panmeng Electronic Materials Co., Ltd.",http___i01.i.aliimg.com_photo_v5_431469777_IC_grade_mono_silicon_ingots.jpg,US $99-108 / Kilogram ( FOB Price),
Monocrystalline Silicon Ingots,1,151,10,Kilograms,1510.0,http://www.alibaba.com/product-detail/Monocrystalline-Silicon-Ingots_467504410.html,China (Mainland),"Shanghai Panmeng Electronic Materials Co., Ltd.",http___i00.i.aliimg.com_photo_v7_467504410_1_Monocrystalline_Silicon_Ingots.jpg,US $1-151 / Kilogram ( FOB Price),
Monocrystalline Silicon Ingots,1,150,10,Kilograms,1500.0,http://www.alibaba.com/product-detail/Monocrystalline-Silicon-Ingots_467504594.html,China (Mainland),"Shanghai Panmeng Electronic Materials Co., Ltd.",http___i00.i.aliimg.com_photo_v6_467504594_Monocrystalline_Silicon_Ingots.jpg,US $1-150 / Kilogram ( FOB Price),
IC Grade crystal Silicon Ingot,1,180,10,Kilograms,1800.0,http://www.alibaba.com/product-detail/IC-Grade-crystal-Silicon-Ingot_1617847342.html,China (Mainland),"Shanghai Panmeng Electronic Materials Co., Ltd.",http___i00.i.aliimg.com_photo_v6_1617847342_IC_Grade_crystal_Silicon_Ingot.jpg,US $1-180 / Kilogram ( FOB Price),
Round shape mono silicon ingot,200,200,10,Kilograms,2000.0,http://www.alibaba.com/product-detail/Round-shape-mono-silicon-ingot_442684641.html,China (Mainland),"Shanghai Panmeng Electronic Materials Co., Ltd.",http___i01.i.aliimg.com_photo_v10_442684641_Round_shape_mono_silicon_ingot.jpg,US $200 / Kilogram ( FOB Price),
8 inch IC grade mono silicon ingot,1,60,10,Kilograms,600.0,http://www.alibaba.com/product-detail/8-inch-IC-grade-mono-silicon_1653015723.html,China (Mainland),"Shanghai Panmeng Electronic Materials Co., Ltd.",http___i01.i.aliimg.com_photo_v4_1653015723_8_inch_IC_grade_mono_silicon_ingot.jpg,US $1-60 / Kilogram ( FOB Price),
IC grade mono silicon ingot,93,109,10,Kilograms,1090.0,http://www.alibaba.com/product-detail/IC-grade-mono-silicon-ingot_458060259.html,China (Mainland),"Shanghai Panmeng Electronic Materials Co., Ltd.",http___i01.i.aliimg.com_photo_v18_458060259_IC_grade_mono_silicon_ingot.jpg,US $93-109 / Kilogram ( FOB Price),
IC grade mono silicon ingot,101,104,10,Kilograms,1040.0,http://www.alibaba.com/product-detail/IC-grade-mono-silicon-ingot_459707503.html,China (Mainland),"Shanghai Panmeng Electronic Materials Co., Ltd.",http___i01.i.aliimg.com_photo_v23_459707503_IC_grade_mono_silicon_ingot.jpg,US $101-104 / Kilogram ( FOB Price),
"IC 3"" Mono Silicon Ingot",200,200,10,Kilograms,2000.0,http://www.alibaba.com/product-detail/IC-3-Mono-Silicon-Ingot_449057682.html,China (Mainland),"Shanghai Panmeng Electronic Materials Co., Ltd.",http___i00.i.aliimg.com_photo_v18_449057682_IC_3_Mono_Silicon_Ingot.jpg,US $200 / Kilogram ( FOB Price),
IC grade mono silicon ingots,100,112,10,Kilograms,1120.0,http://www.alibaba.com/product-detail/IC-grade-mono-silicon-ingots_434266805.html,China (Mainland),"Shanghai Panmeng Electronic Materials Co., Ltd.",http___i01.i.aliimg.com_photo_v7_434266805_IC_grade_mono_silicon_ingots.jpg,US $100-112 / Kilogram ( FOB Price),
IC grade mono silicon ingot,0,0,10,Kilograms,0.0,http://www.alibaba.com/product-detail/IC-grade-mono-silicon-ingot_1652993790.html,China (Mainland),"Shanghai Panmeng Electronic Materials Co., Ltd.",http___i00.i.aliimg.com_photo_v3_1652993790_IC_grade_mono_silicon_ingot.jpg,US $0 / Kilogram ( FOB Price),
IC grade mono silicon ingot,0,0,10,Kilograms,0.0,http://www.alibaba.com/product-detail/IC-grade-mono-silicon-ingot_1652993816.html,China (Mainland),"Shanghai Panmeng Electronic Materials Co., Ltd.",http___i00.i.aliimg.com_photo_v3_1652993816_IC_grade_mono_silicon_ingot.jpg,US $0 / Kilogram ( FOB Price),
IC grade mono silicon ingot,100,110,10,Kilograms,1100.0,http://www.alibaba.com/product-detail/IC-grade-mono-silicon-ingot_399570602.html,China (Mainland),"Shanghai Panmeng Electronic Materials Co., Ltd.",http___i00.i.aliimg.com_photo_v5_399570602_IC_grade_mono_silicon_ingot.jpg,US $100-110 / Kilogram ( FOB Price),
IC grade mono silicon ingot,101,108,10,Kilograms,1080.0,http://www.alibaba.com/product-detail/IC-grade-mono-silicon-ingot_433015541.html,China (Mainland),"Shanghai Panmeng Electronic Materials Co., Ltd.",http___i01.i.aliimg.com_photo_v6_433015541_IC_grade_mono_silicon_ingot.jpg,US $101-108 / Kilogram ( FOB Price),
IC grade mono silicon ingot,100,123,10,Kilograms,1230.0,http://www.alibaba.com/product-detail/IC-grade-mono-silicon-ingot_434264169.html,China (Mainland),"Shanghai Panmeng Electronic Materials Co., Ltd.",http___i01.i.aliimg.com_photo_v6_434264169_IC_grade_mono_silicon_ingot.jpg,US $100-123 / Kilogram ( FOB Price),
IC grade mono silicon ingot,0,0,10,Kilograms,0.0,http://www.alibaba.com/product-detail/IC-grade-mono-silicon-ingot_434262194.html,China (Mainland),"Shanghai Panmeng Electronic Materials Co., Ltd.",http___i00.i.aliimg.com_photo_v6_434262194_IC_grade_mono_silicon_ingot.jpg,US $0 / Kilogram ( FOB Price),
IC grade mono silicon ingot,111,112,10,Kilograms,1120.0,http://www.alibaba.com/product-detail/IC-grade-mono-silicon-ingot_428943359.html,China (Mainland),"Shanghai Panmeng Electronic Materials Co., Ltd.",http___i01.i.aliimg.com_photo_v6_428943359_IC_grade_mono_silicon_ingot.jpg,US $111-112 / Kilogram ( FOB Price),
IC grade mono silicon ingot,99,110,10,Kilograms,1100.0,http://www.alibaba.com/product-detail/IC-grade-mono-silicon-ingot_433011875.html,China (Mainland),"Shanghai Panmeng Electronic Materials Co., Ltd.",http___i01.i.aliimg.com_photo_v6_433011875_IC_grade_mono_silicon_ingot.jpg,US $99-110 / Kilogram ( FOB Price),
IC grade mono silicon ingot,101,109,10,Kilograms,1090.0,http://www.alibaba.com/product-detail/IC-grade-mono-silicon-ingot_459804517.html,China (Mainland),"Shanghai Panmeng Electronic Materials Co., Ltd.",http___i01.i.aliimg.com_photo_v12_459804517_IC_grade_mono_silicon_ingot.jpg,US $101-109 / Kilogram ( FOB Price),
IC grade mono silicon ingot,100,107,10,Kilograms,1070.0,http://www.alibaba.com/product-detail/IC-grade-mono-silicon-ingot_1652988981.html,China (Mainland),"Shanghai Panmeng Electronic Materials Co., Ltd.",http___i01.i.aliimg.com_photo_v3_1652988981_IC_grade_mono_silicon_ingot.jpg,US $100-107 / Kilogram ( FOB Price),
IC grade mono silicon ingot,10,105,10,Kilograms,1050.0,http://www.alibaba.com/product-detail/IC-grade-mono-silicon-ingot_433013079.html,China (Mainland),"Shanghai Panmeng Electronic Materials Co., Ltd.",http___i01.i.aliimg.com_photo_v6_433013079_IC_grade_mono_silicon_ingot.jpg,US $10-105 / Kilogram ( FOB Price),
SEMI Grade Monosilicon Ingots,96,110,10,Kilograms,1100.0,http://www.alibaba.com/product-detail/SEMI-Grade-Monosilicon-Ingots_1644073276.html,China (Mainland),"Shanghai Panmeng Electronic Materials Co., Ltd.",http___i00.i.aliimg.com_photo_v6_1644073276_SEMI_Grade_Monosilicon_Ingots.jpg,US $96-110 / Kilogram ( FOB Price),
5inch IC grade mono silicon ingot,103,104,10,Kilograms,1040.0,http://www.alibaba.com/product-detail/5inch-IC-grade-mono-silicon-ingot_1661280179.html,China (Mainland),"Shanghai Panmeng Electronic Materials Co., Ltd.",http___i01.i.aliimg.com_photo_v5_1661280179_5inch_IC_grade_mono_silicon_ingot.jpg,US $103-104 / Kilogram ( FOB Price),
IC Monocrystal Silicon Ingots,0,0,10,Kilograms,0.0,http://www.alibaba.com/product-detail/IC-Monocrystal-Silicon-Ingots_333681834.html,China (Mainland),"Shanghai Panmeng Electronic Materials Co., Ltd.",http___i00.i.aliimg.com_photo_v7_333681834_IC_Monocrystal_Silicon_Ingots.jpg,US $0 / Kilogram ( FOB Price),
"4""<111> IC Mono Silicon Ingot",200,200,10,Kilograms,2000.0,http://www.alibaba.com/product-detail/4-111-IC-Mono-Silicon-Ingot_459553233.html,China (Mainland),"Shanghai Panmeng Electronic Materials Co., Ltd.",http___i01.i.aliimg.com_photo_v20_459553233_4_111_IC_Mono_Silicon_Ingot.jpg,US $200 / Kilogram ( FOB Price),
monocrystalline silicon ingot,0,0,10,Kilograms,0.0,http://www.alibaba.com/product-detail/monocrystalline-silicon-ingot_60003696554.html,China (Mainland),"Shanghai Panmeng Electronic Materials Co., Ltd.",http___i00.i.aliimg.com_photo_v2_60003696554_monocrystalline_silicon_ingot.jpg,US $0 / Kilogram ( FOB Price),
"3"" IC Dopant Boron silicon ingot",200,200,10,Kilograms,2000.0,http://www.alibaba.com/product-detail/3-IC-Dopant-Boron-silicon-ingot_457899539.html,China (Mainland),"Shanghai Panmeng Electronic Materials Co., Ltd.",http___i01.i.aliimg.com_photo_v19_457899539_3_IC_Dopant_Boron_silicon_ingot.jpg,US $200 / Kilogram ( FOB Price),
SEMI/IC Grade Monosilicon Ingots,100,200,10,Kilograms,2000.0,http://www.alibaba.com/product-detail/SEMI-IC-Grade-Monosilicon-Ingots_488302310.html,China (Mainland),"Shanghai Panmeng Electronic Materials Co., Ltd.",http___i00.i.aliimg.com_photo_v6_488302310_SEMI_IC_Grade_Monosilicon_Ingots.jpg,US $100-200 / Kilogram ( FOB Price),
IC Grade Mono silicon Ingots,200,200,10,Kilograms,2000.0,http://www.alibaba.com/product-detail/IC-Grade-Mono-silicon-Ingots_488297080.html,China (Mainland),"Shanghai Panmeng Electronic Materials Co., Ltd.",http___i00.i.aliimg.com_photo_v6_488297080_IC_Grade_Mono_silicon_Ingots.jpg,US $200 / Kilogram ( FOB Price),
IC grade mono silicon ingot,100,112,10,Kilograms,1120.0,http://www.alibaba.com/product-detail/IC-grade-mono-silicon-ingot_434966326.html,China (Mainland),"Shanghai Panmeng Electronic Materials Co., Ltd.",http___i00.i.aliimg.com_photo_v6_434966326_IC_grade_mono_silicon_ingot.jpg,US $100-112 / Kilogram ( FOB Price),
IC grade mono silicon ingot,110,112,10,Kilograms,1120.0,http://www.alibaba.com/product-detail/IC-grade-mono-silicon-ingot_435742310.html,China (Mainland),"Shanghai Panmeng Electronic Materials Co., Ltd.",http___i00.i.aliimg.com_photo_v6_435742310_IC_grade_mono_silicon_ingot.jpg,US $110-112 / Kilogram ( FOB Price),
IC grade mono silicon ingot,100,120,10,Kilograms,1200.0,http://www.alibaba.com/product-detail/IC-grade-mono-silicon-ingot_434966851.html,China (Mainland),"Shanghai Panmeng Electronic Materials Co., Ltd.",http___i01.i.aliimg.com_photo_v5_434966851_IC_grade_mono_silicon_ingot.jpg,US $100-120 / Kilogram ( FOB Price),
IC grade mono silicon ingot,110,115,10,Kilograms,1150.0,http://www.alibaba.com/product-detail/IC-grade-mono-silicon-ingot_435741323.html,China (Mainland),"Shanghai Panmeng Electronic Materials Co., Ltd.",http___i01.i.aliimg.com_photo_v6_435741323_IC_grade_mono_silicon_ingot.jpg,US $110-115 / Kilogram ( FOB Price),
IC grade mono silicon ingot,120,121,10,Kilograms,1210.0,http://www.alibaba.com/product-detail/IC-grade-mono-silicon-ingot_434263228.html,China (Mainland),"Shanghai Panmeng Electronic Materials Co., Ltd.",http___i00.i.aliimg.com_photo_v6_434263228_IC_grade_mono_silicon_ingot.jpg,US $120-121 / Kilogram ( FOB Price),
IC grade mono silicon ingot,100,110,10,Kilograms,1100.0,http://www.alibaba.com/product-detail/IC-grade-mono-silicon-ingot_435451445.html,China (Mainland),"Shanghai Panmeng Electronic Materials Co., Ltd.",http___i01.i.aliimg.com_photo_v6_435451445_IC_grade_mono_silicon_ingot.jpg,US $100-110 / Kilogram ( FOB Price),
IC mono silicon ingot,200,200,50,Kilograms,10000.0,http://www.alibaba.com/product-detail/IC-mono-silicon-ingot_440818387.html,China (Mainland),"Shanghai Panmeng Electronic Materials Co., Ltd.",http___i01.i.aliimg.com_photo_v14_440818387_IC_mono_silicon_ingot.jpg,US $200 / Kilogram ( FOB Price),
IC Mono Ingots,1,110,10,Kilograms,1100.0,http://www.alibaba.com/product-detail/IC-Mono-Ingots_459541922.html,China (Mainland),"Shanghai Panmeng Electronic Materials Co., Ltd.",http___i00.i.aliimg.com_photo_v5_459541922_IC_Mono_Ingots.jpg,US $1-110 / Kilogram ( FOB Price),
Silicon Ingot,100,110,50,Kilograms,5500.0,http://www.alibaba.com/product-detail/Silicon-Ingot_444935233.html,China (Mainland),"Shanghai Panmeng Electronic Materials Co., Ltd.",http___i01.i.aliimg.com_photo_v20_444935233_1_Silicon_Ingot.jpg,US $100-110 / Kilogram ( FOB Price),
silicon ingot,1,130,10,Kilograms,1300.0,http://www.alibaba.com/product-detail/silicon-ingot_467902139.html,China (Mainland),"Shanghai Panmeng Electronic Materials Co., Ltd.",http___i01.i.aliimg.com_photo_v6_467902139_silicon_ingot.jpg,US $1-130 / Kilogram ( FOB Price),
silicon ingot,1,99,10,Kilograms,990.0,http://www.alibaba.com/product-detail/silicon-ingot_1644094450.html,China (Mainland),"Shanghai Panmeng Electronic Materials Co., Ltd.",http___i00.i.aliimg.com_photo_v4_1644094450_silicon_ingot.jpg,US $1-99 / Kilogram ( FOB Price),
IC Grade Mono Ingot,100,124,50,Kilograms,6200.0,http://www.alibaba.com/product-detail/IC-Grade-Mono-Ingot_442683891.html,China (Mainland),"Shanghai Panmeng Electronic Materials Co., Ltd.",http___i01.i.aliimg.com_photo_v17_442683891_IC_Grade_Mono_Ingot.jpg,US $100-124 / Kilogram ( FOB Price),
IC grade mono ingot,200,200,10,Kilograms,2000.0,http://www.alibaba.com/product-detail/IC-grade-mono-ingot_444005745.html,China (Mainland),"Shanghai Panmeng Electronic Materials Co., Ltd.",http___i01.i.aliimg.com_photo_v15_444005745_IC_grade_mono_ingot.jpg,US $200 / Kilogram ( FOB Price),
IC grade mono ingot,100,103,30,Kilograms,3090.0,http://www.alibaba.com/product-detail/IC-grade-mono-ingot_443134571.html,China (Mainland),"Shanghai Panmeng Electronic Materials Co., Ltd.",http___i01.i.aliimg.com_photo_v18_443134571_IC_grade_mono_ingot.jpg,US $100-103 / Kilogram ( FOB Price),
IC Grade Mono Ingot,200,200,10,Kilograms,2000.0,http://www.alibaba.com/product-detail/IC-Grade-Mono-Ingot_444006133.html,China (Mainland),"Shanghai Panmeng Electronic Materials Co., Ltd.",http___i01.i.aliimg.com_photo_v17_444006133_IC_Grade_Mono_Ingot.jpg,US $200 / Kilogram ( FOB Price),
Silicon Ingot,200,200,10,Kilograms,2000.0,http://www.alibaba.com/product-detail/Silicon-Ingot_1105370234.html,China (Mainland),"Shanghai Panmeng Electronic Materials Co., Ltd.",http___i00.i.aliimg.com_photo_v9_1105370234_Silicon_Ingot.jpg,US $200 / Kilogram ( FOB Price),
Silicon Ingot,124,131,20,Kilograms,2620.0,http://www.alibaba.com/product-detail/Silicon-Ingot_433013661.html,China (Mainland),"Shanghai Panmeng Electronic Materials Co., Ltd.",http___i01.i.aliimg.com_photo_v8_433013661_Silicon_Ingot.jpg,US $124-131 / Kilogram ( FOB Price),
IC Mono Ingot,100,107,50,Kilograms,5350.0,http://www.alibaba.com/product-detail/IC-Mono-Ingot_440421480.html,China (Mainland),"Shanghai Panmeng Electronic Materials Co., Ltd.",http___i00.i.aliimg.com_photo_v15_440421480_IC_Mono_Ingot.jpg,US $100-107 / Kilogram ( FOB Price),
P-type silicon ingot,0,99,10,Kilograms,990.0,http://www.alibaba.com/product-detail/P-type-silicon-ingot_1653015440.html,China (Mainland),"Shanghai Panmeng Electronic Materials Co., Ltd.",http___i00.i.aliimg.com_photo_v4_1653015440_P_type_silicon_ingot.jpg,US $0-99 / Kilogram ( FOB Price),
2inch Silicon Ingots,101,130,20,Kilograms,2600.0,http://www.alibaba.com/product-detail/2inch-Silicon-Ingots_1659815979.html,China (Mainland),"Shanghai Panmeng Electronic Materials Co., Ltd.",http___i01.i.aliimg.com_photo_v5_1659815979_2inch_Silicon_Ingots.jpg,US $101-130 / Kilogram ( FOB Price),
4inch Silicon Ingots,1,5,10,Kilograms,50.0,http://www.alibaba.com/product-detail/4inch-Silicon-Ingots_1644219481.html,China (Mainland),"Shanghai Panmeng Electronic Materials Co., Ltd.",http___i01.i.aliimg.com_photo_v4_1644219481_4inch_Silicon_Ingots.jpg,US $1-5 / Kilogram ( FOB Price),
As Ingot,107,127,10,Kilograms,1270.0,http://www.alibaba.com/product-detail/As-Ingot_1659706948.html,China (Mainland),"Shanghai Panmeng Electronic Materials Co., Ltd.",http___i00.i.aliimg.com_photo_v9_1659706948_1_As_Ingot.jpg,US $107-127 / Kilogram ( FOB Price),
mono silicon ingot,90,103,10,Kilograms,1030.0,http://www.alibaba.com/product-detail/mono-silicon-ingot_1644101903.html,China (Mainland),"Shanghai Panmeng Electronic Materials Co., Ltd.",http___i01.i.aliimg.com_photo_v4_1644101903_mono_silicon_ingot.jpg,US $90-103 / Kilogram ( FOB Price),
mono silicon ingot,100,101,50,Kilograms,5050.0,http://www.alibaba.com/product-detail/mono-silicon-ingot_444926777.html,China (Mainland),"Shanghai Panmeng Electronic Materials Co., Ltd.",http___i01.i.aliimg.com_photo_v11_444926777_mono_silicon_ingot.jpg,US $100-101 / Kilogram ( FOB Price),
IC Silicon Ingot,200,200,10,Kilograms,2000.0,http://www.alibaba.com/product-detail/IC-Silicon-Ingot_450137227.html,China (Mainland),"Shanghai Panmeng Electronic Materials Co., Ltd.",http___i01.i.aliimg.com_photo_v13_450137227_IC_Silicon_Ingot.jpg,US $200 / Kilogram ( FOB Price),
IC grade monocrystalline silicon ingot,100,137,10,Kilograms,1370.0,http://www.alibaba.com/product-detail/IC-grade-monocrystalline-silicon-ingot_1068678475.html,China (Mainland),"Shanghai Panmeng Electronic Materials Co., Ltd.",http___i01.i.aliimg.com_photo_v13_1068678475_IC_grade_monocrystalline_silicon_ingot.jpg,US $100-137 / Kilogram ( FOB Price),
IC silicon ingot,200,200,50,Kilograms,10000.0,http://www.alibaba.com/product-detail/IC-silicon-ingot_449058326.html,China (Mainland),"Shanghai Panmeng Electronic Materials Co., Ltd.",http___i00.i.aliimg.com_photo_v19_449058326_IC_silicon_ingot.jpg,US $200 / Kilogram ( FOB Price),
IC silicon Ingot,200,200,10,Kilograms,2000.0,http://www.alibaba.com/product-detail/IC-silicon-Ingot_452986405.html,China (Mainland),"Shanghai Panmeng Electronic Materials Co., Ltd.",http___i01.i.aliimg.com_photo_v16_452986405_IC_silicon_Ingot.jpg,US $200 / Kilogram ( FOB Price),
CZ Silicon Ingots,2,90,10,Kilograms,900.0,http://www.alibaba.com/product-detail/CZ-Silicon-Ingots_1653093679.html,China (Mainland),"Shanghai Panmeng Electronic Materials Co., Ltd.",http___i01.i.aliimg.com_photo_v4_1653093679_CZ_Silicon_Ingots.jpg,US $2-90 / Kilogram ( FOB Price),
silicon ingot 111,38,126,10,Kilograms,1260.0,http://www.alibaba.com/product-detail/silicon-ingot-111_1627666101.html,China (Mainland),"Shanghai Panmeng Electronic Materials Co., Ltd.",http___i01.i.aliimg.com_photo_v6_1627666101_silicon_ingot_111.jpg,US $38-126 / Kilogram ( FOB Price),
CZ Silicon Ingots,111,119,10,Kilograms,1190.0,http://www.alibaba.com/product-detail/CZ-Silicon-Ingots_1659696476.html,China (Mainland),"Shanghai Panmeng Electronic Materials Co., Ltd.",http___i00.i.aliimg.com_photo_v4_1659696476_CZ_Silicon_Ingots.jpg,US $111-119 / Kilogram ( FOB Price),
CZ Silicon Ingots,88,111,10,Kilograms,1110.0,http://www.alibaba.com/product-detail/CZ-Silicon-Ingots_1653116604.html,China (Mainland),"Shanghai Panmeng Electronic Materials Co., Ltd.",http___i00.i.aliimg.com_photo_v5_1653116604_CZ_Silicon_Ingots.jpg,US $88-111 / Kilogram ( FOB Price),
IC grade monocrystalline silicon ingot,102,127,10,Kilograms,1270.0,http://www.alibaba.com/product-detail/IC-grade-monocrystalline-silicon-ingot_437238984.html,China (Mainland),"Shanghai Panmeng Electronic Materials Co., Ltd.",http___i00.i.aliimg.com_photo_v16_437238984_IC_grade_monocrystalline_silicon_ingot.jpg,US $102-127 / Kilogram ( FOB Price),
IC silicon ingot,200,200,50,Kilograms,10000.0,http://www.alibaba.com/product-detail/IC-silicon-ingot_449058611.html,China (Mainland),"Shanghai Panmeng Electronic Materials Co., Ltd.",http___i01.i.aliimg.com_photo_v18_449058611_IC_silicon_ingot.jpg,US $200 / Kilogram ( FOB Price),
IC grade FZ mono silicon ingot,138,140,10,Kilograms,1400.0,http://www.alibaba.com/product-detail/IC-grade-FZ-mono-silicon-ingot_458062164.html,China (Mainland),"Shanghai Panmeng Electronic Materials Co., Ltd.",http___i00.i.aliimg.com_photo_v10_458062164_IC_grade_FZ_mono_silicon_ingot.jpg,US $138-140 / Kilogram ( FOB Price),
solar grade silicon ingot,40,46,10,Kilograms,460.0,http://www.alibaba.com/product-detail/solar-grade-silicon-ingot_560884422.html,China (Mainland),"Shanghai Panmeng Electronic Materials Co., Ltd.",http___i00.i.aliimg.com_photo_v22_560884422_solar_grade_silicon_ingot.jpg,US $40-46 / Kilogram ( FOB Price),
IC grade mono silicon ingot,100,107,10,Kilograms,1070.0,http://www.alibaba.com/product-detail/IC-grade-mono-silicon-ingot_433015785.html,China (Mainland),"Shanghai Panmeng Electronic Materials Co., Ltd.",http___i01.i.aliimg.com_photo_v5_433015785_IC_grade_mono_silicon_ingot.jpg,US $100-107 / Kilogram ( FOB Price),
IC Grade Monosilicon Ingots,20,80,10,Kilograms,800.0,http://www.alibaba.com/product-detail/IC-Grade-Monosilicon-Ingots_1644087986.html,China (Mainland),"Shanghai Panmeng Electronic Materials Co., Ltd.",http___i00.i.aliimg.com_photo_v6_1644087986_1_IC_Grade_Monosilicon_Ingots.jpg,US $20-80 / Kilogram ( FOB Price),
IC 6' mono silicon ingot,100,138,10,Kilograms,1380.0,http://www.alibaba.com/product-detail/IC-6-mono-silicon-ingot_437444415.html,China (Mainland),"Shanghai Panmeng Electronic Materials Co., Ltd.",http___i01.i.aliimg.com_photo_v12_437444415_IC_6_mono_silicon_ingot.jpg,US $100-138 / Kilogram ( FOB Price),
IC Grade Monocrystalline Silicon Ingot,110,130,50,Kilograms,6500.0,http://www.alibaba.com/product-detail/IC-Grade-Monocrystalline-Silicon-Ingot_458247265.html,China (Mainland),"Shanghai Panmeng Electronic Materials Co., Ltd.",http___i01.i.aliimg.com_photo_v11_458247265_IC_Grade_Monocrystalline_Silicon_Ingot.jpg,US $110-130 / Kilogram ( FOB Price),
FZ IC grade monocrystalline silicon ingot,110,115,10,Kilograms,1150.0,http://www.alibaba.com/product-detail/FZ-IC-grade-monocrystalline-silicon-ingot_1143488553.html,China (Mainland),"Shanghai Panmeng Electronic Materials Co., Ltd.",http___i01.i.aliimg.com_photo_v11_1143488553_FZ_IC_grade_monocrystalline_silicon_ingot.jpg,US $110-115 / Kilogram ( FOB Price),
IC mono Silicon Ingot,100,110,50,Kilograms,5500.0,http://www.alibaba.com/product-detail/IC-mono-Silicon-Ingot_456916769.html,China (Mainland),"Shanghai Panmeng Electronic Materials Co., Ltd.",http___i01.i.aliimg.com_photo_v16_456916769_IC_mono_Silicon_Ingot.jpg,US $100-110 / Kilogram ( FOB Price),
solar grade mono silicon ingot,100,111,25,Kilograms,2775.0,http://www.alibaba.com/product-detail/solar-grade-mono-silicon-ingot_1157665962.html,China (Mainland),"Shanghai Panmeng Electronic Materials Co., Ltd.",http___i00.i.aliimg.com_photo_v15_1157665962_solar_grade_mono_silicon_ingot.jpg,US $100-111 / Kilogram ( FOB Price),
12''-16'' large diameter IC grade crystal silicon ingot,200,200,50,Kilograms,10000.0,http://www.alibaba.com/product-detail/12-16-large-diameter-IC-grade_465819083.html,China (Mainland),"Shanghai Panmeng Electronic Materials Co., Ltd.",http___i01.i.aliimg.com_photo_v26_465819083_12_16_large_diameter_IC_grade_crystal.jpg,US $200 / Kilogram ( FOB Price),
Metal Silicon grade 421 Made in China good quatily and low price,2275,2310,20,Metric,46200.0,http://www.alibaba.com/product-detail/Metal-Silicon-grade-421-Made-in_1769160868.html,China (Mainland),"Chongqing Kangmeng Trade Co., Ltd.",http___i00.i.aliimg.com_photo_v0_1769160868_Metal_Silicon_grade_421_Made_in_China.jpg,US $2275-2310 / Metric Ton ( FOB Price),
Metal Silicon grade 421 Made in China good quatily and low price,2275,2310,20,Metric,46200.0,http://www.alibaba.com/product-detail/Metal-Silicon-grade-421-Made-in_1769167853.html,China (Mainland),"Chongqing Kangmeng Trade Co., Ltd.",http___i01.i.aliimg.com_photo_v0_1769167853_Metal_Silicon_grade_421_Made_in_China.jpg,US $2275-2310 / Metric Ton ( FOB Price),
Metal Silicon grade 421 Made in China good quatily and low price,2275,2310,20,Metric,46200.0,http://www.alibaba.com/product-detail/Metal-Silicon-grade-421-Made-in_1769068407.html,China (Mainland),"Chongqing Kangmeng Trade Co., Ltd.",http___i01.i.aliimg.com_photo_v0_1769068407_Metal_Silicon_grade_421_Made_in_China.jpg,US $2275-2310 / Metric Ton ( FOB Price),
Metal Silicon grade 421 Made in China good quatily and low price,2275,2310,20,Metric,46200.0,http://www.alibaba.com/product-detail/Metal-Silicon-grade-421-Made-in_1769161282.html,China (Mainland),"Chongqing Kangmeng Trade Co., Ltd.",http___i00.i.aliimg.com_photo_v0_1769161282_Metal_Silicon_grade_421_Made_in_China.jpg,US $2275-2310 / Metric Ton ( FOB Price),
Metal Silicon grade 421 Made in China good quatily and low price,2275,2310,20,Metric,46200.0,http://www.alibaba.com/product-detail/Metal-Silicon-grade-421-Made-in_1769147222.html,China (Mainland),"Chongqing Kangmeng Trade Co., Ltd.",http___i00.i.aliimg.com_photo_v0_1769147222_Metal_Silicon_grade_421_Made_in_China.jpg,US $2275-2310 / Metric Ton ( FOB Price),
Metal Silicon grade 441 Made in China good quatily and low price,2240,2273,20,Metric,45460.0,http://www.alibaba.com/product-detail/Metal-Silicon-grade-441-Made-in_1758784004.html,China (Mainland),"Chongqing Kangmeng Trade Co., Ltd.",http___i00.i.aliimg.com_photo_v0_1758784004_Metal_Silicon_grade_441_Made_in_China.jpg,US $2240-2273 / Metric Ton ( FOB Price),
Metal Silicon grade 3303 Made in China good quatily and low price,2270,2310,20,Metric,46200.0,http://www.alibaba.com/product-detail/Metal-Silicon-grade-3303-Made-in_1758826462.html,China (Mainland),"Chongqing Kangmeng Trade Co., Ltd.",http___i00.i.aliimg.com_photo_v0_1758826462_Metal_Silicon_grade_3303_Made_in_China.jpg,US $2270-2310 / Metric Ton ( FOB Price),
Metal Silicon grade 2502 Made in China good quatily and low price,2380,2420,20,Metric,48400.0,http://www.alibaba.com/product-detail/Metal-Silicon-grade-2502-Made-in_1758840383.html,China (Mainland),"Chongqing Kangmeng Trade Co., Ltd.",http___i01.i.aliimg.com_photo_v0_1758840383_Metal_Silicon_grade_2502_Made_in_China.jpg,US $2380-2420 / Metric Ton ( FOB Price),
Metal Silicon grade 3303 Made in China good quatily and low price,2340,2380,20,Metric,47600.0,http://www.alibaba.com/product-detail/Metal-Silicon-grade-3303-Made-in_1758806525.html,China (Mainland),"Chongqing Kangmeng Trade Co., Ltd.",http___i01.i.aliimg.com_photo_v0_1758806525_Metal_Silicon_grade_3303_Made_in_China.jpg,US $2340-2380 / Metric Ton ( FOB Price),
Metal Silicon grade 553 Made in China great quality low price,2125,2160,20,Metric,43200.0,http://www.alibaba.com/product-detail/Metal-Silicon-grade-553-Made-in_1758784370.html,China (Mainland),"Chongqing Kangmeng Trade Co., Ltd.",http___i00.i.aliimg.com_photo_v0_1758784370_Metal_Silicon_grade_553_Made_in_China.jpg,US $2125-2160 / Metric Ton ( FOB Price),
Hot sale high purity Silicon Ingot,850,1800,10,Tons,18000.0,http://www.alibaba.com/product-detail/Hot-sale-high-purity-Silicon-Ingot_1690317232.html,China (Mainland),"Cangzhou Vantaa Metal Products Co., Ltd.",http___i00.i.aliimg.com_photo_v13_1690317232_Hot_sale_high_purity_Silicon_Ingot.jpg,US $850-1800 / Ton ( FOB Price),"Place of Origin: CN
																																												; Dimensions:  1-10mm
																																												; Grade: 6N (99.9999%)
																																												; Alloy Or Not: Non-alloy
																																												; Model Number: various
																																												; Secondary Or Not: Non-secondary
																																												; Weight: 25kg"
Factory price Silicon Ingot 99%min,2000,3900,1,Ton,3900.0,http://www.alibaba.com/product-detail/Factory-price-Silicon-Ingot-99-min_1598235221.html,China (Mainland),"Cangzhou Vantaa Metal Products Co., Ltd.",http___i01.i.aliimg.com_photo_v83_1598235221_Factory_price_Silicon_Ingot_99_min.jpg,US $2000-3900 / Ton ( FOB Price),"Place of Origin: CN;HEB
																																												; Dimensions: 553,441,2202,3303,411
																																												; Grade: 6N (99.9999%)
																																												; Brand Name: CZVM
																																												; Alloy Or Not: Non-alloy
																																												; Model Number: 6N (99.9999%)
																																												; Secondary Or Not: Non-secondary
																																												; Weight: 25kg
																																												; colour: Silver grey"
Hot sale high purity Silicon Ingot,800,1800,10,Metric,18000.0,http://www.alibaba.com/product-detail/Hot-sale-high-purity-Silicon-Ingot_1725548324.html,China (Mainland),"Cangzhou Vantaa Metal Products Co., Ltd.",http___i00.i.aliimg.com_photo_v0_1725548324_Hot_sale_high_purity_Silicon_Ingot.jpg,US $800-1800 / Metric Ton ( FOB Price),"Place of Origin: CN
																																												; Grade: 6N (99.9999%)
																																												; Brand Name: DF
																																												; Alloy Or Not: Non-alloy
																																												; Secondary Or Not: Non-secondary
																																												; Weight: 25kg"
Ferro Silicon,1300,1500,20,Long,30000.0,http://www.alibaba.com/product-detail/Ferro-Silicon_452572053.html,China (Mainland),"Guangxi Qiuyang Import & Export Trading Co., Ltd.",http___i01.i.aliimg.com_photo_v23_452572053_Ferro_Silicon.jpg,US $1300-1500 / Ton ( FOB Price),"Place of Origin: CN;NIN
																																												; Dimensions: FeSi72#
																																												; Brand Name: Qiu Yang
																																												; Alloy Or Not: Is Alloy
																																												; Model Number: Al2.0-QY-4
																																												; Secondary Or Not: Non-secondary"
Ferro Silicon 72#,1300,1500,25,Tons,37500.0,http://www.alibaba.com/product-detail/Ferro-Silicon-72-_531114153.html,China (Mainland),"Guangxi Qiuyang Import & Export Trading Co., Ltd.",http___i01.i.aliimg.com_photo_v3_531114153_Ferro_Silicon_72_.jpg,US $1300-1500 / Ton ( FOB Price),"Place of Origin: CN;NIN
																																												; Dimensions: FeSi72#
																																												; Brand Name: Qiu Yang
																																												; Alloy Or Not: Is Alloy
																																												; Secondary Or Not: Non-secondary
																																												; Color: Silver grey"
Ferro Silicon 75%min,1000,1300,40,Tons,52000.0,http://www.alibaba.com/product-detail/Ferro-Silicon-75-min_452569993.html,China (Mainland),"Guangxi Qiuyang Import & Export Trading Co., Ltd.",http___i01.i.aliimg.com_photo_v25_452569993_Ferro_Silicon_75_min.jpg,US $1000-1300 / Ton ( FOB Price),"Place of Origin: CN;NIN
																																												; Dimensions: FeSi75#
																																												; Brand Name: QY
																																												; Alloy Or Not: Is Alloy
																																												; Model Number: Al2.0-QY-1
																																												; Secondary Or Not: Non-secondary"
Ferro Silicon 72%min,1100,1300,40,Tons,52000.0,http://www.alibaba.com/product-detail/Ferro-Silicon-72-min_452567560.html,China (Mainland),"Guangxi Qiuyang Import & Export Trading Co., Ltd.",http___i00.i.aliimg.com_photo_v24_452567560_Ferro_Silicon_72_min.jpg,US $1100-1300 / Ton ( FOB Price),"Place of Origin: CN;NIN
																																												; Dimensions: FeSi72#
																																												; Brand Name: Qiu Yang
																																												; Alloy Or Not: Is Alloy
																																												; Secondary Or Not: Non-secondary
																																												; color: silvery"
Ferro Silicon,1100,1350,40,Long,54000.0,http://www.alibaba.com/product-detail/Ferro-Silicon_452095809.html,China (Mainland),"Guangxi Qiuyang Import & Export Trading Co., Ltd.",http___i01.i.aliimg.com_photo_v22_452095809_Ferro_Silicon.jpg,US $1100-1350 / Ton ( FOB Price),"Place of Origin: CN;NIN
																																												; Dimensions: FeSi75#Al2.0-QY-2
																																												; Brand Name: QY
																																												; Alloy Or Not: Is Alloy
																																												; Model Number: Al2.0-QY-2
																																												; Secondary Or Not: Non-secondary
																																												; Color: Silver Grey"
Ferro Silicon 75#,1250,1500,25,Tons,37500.0,http://www.alibaba.com/product-detail/Ferro-Silicon-75-_531111694.html,China (Mainland),"Guangxi Qiuyang Import & Export Trading Co., Ltd.",http___i00.i.aliimg.com_photo_v1_531111694_1_Ferro_Silicon_75_.jpg,US $1250-1500 / Ton ( FOB Price),"Place of Origin: CN;NIN
																																												; Dimensions: FeSi75#
																																												; Brand Name: Qiu Yang
																																												; Alloy Or Not: Is Alloy
																																												; Secondary Or Not: Non-secondary
																																												; Color: Silver grey"
Ferro Silicon 72#,1190,1250,40,Tons,50000.0,http://www.alibaba.com/product-detail/Ferro-Silicon-72-_452561194.html,China (Mainland),"Guangxi Qiuyang Import & Export Trading Co., Ltd.",http___i00.i.aliimg.com_photo_v22_452561194_Ferro_Silicon_72_.jpg,US $1190-1250 / Ton ( FOB Price),"Place of Origin: CN;NIN
																																												; Dimensions: FeSi72#
																																												; Brand Name: QY
																																												; Alloy Or Not: Is Alloy
																																												; Secondary Or Not: Non-secondary
																																												; Color: silver"
Ferro Silicon,1150,1300,60,Tons,78000.0,http://www.alibaba.com/product-detail/Ferro-Silicon_452604467.html,China (Mainland),"Guangxi Qiuyang Import & Export Trading Co., Ltd.",http___i01.i.aliimg.com_photo_v40_452604467_1_Ferro_Silicon.jpg,US $1150-1300 / Ton ( FOB Price),"Place of Origin: CN;NIN
																																												; Dimensions: FeSi75# &72#
																																												; Brand Name: QY
																																												; Alloy Or Not: Is Alloy
																																												; Secondary Or Not: Non-secondary
																																												; Color: Silver grey"
Ferro Silicon 72%,1100,1500,40,Tons,60000.0,http://www.alibaba.com/product-detail/Ferro-Silicon-72-_452558933.html,China (Mainland),"Guangxi Qiuyang Import & Export Trading Co., Ltd.",http___i01.i.aliimg.com_photo_v27_452558933_Ferro_Silicon_72_.jpg,US $1100-1500 / Ton ( FOB Price),"Place of Origin: CN;GAN
																																												; Dimensions: FeSi72#
																																												; Brand Name: QY
																																												; Alloy Or Not: Is Alloy
																																												; Model Number: Al1.5-QY-3
																																												; Secondary Or Not: Non-secondary"
Ferro Silicon,1100,1500,60,Long,90000.0,http://www.alibaba.com/product-detail/Ferro-Silicon_452086023.html,China (Mainland),"Guangxi Qiuyang Import & Export Trading Co., Ltd.",http___i01.i.aliimg.com_photo_v25_452086023_Ferro_Silicon.jpg,US $1100-1500 / Ton ( FOB Price),"Place of Origin: CN;GAN
																																												; Dimensions: FeSi75#
																																												; Brand Name: QY
																																												; Alloy Or Not: Is Alloy
																																												; Secondary Or Not: Non-secondary
																																												; Color: Silver Grey"
Factory!!! Ferro silicon 75,600,1200,1,Metric,1200.0,http://www.alibaba.com/product-detail/Factory-Ferro-silicon-75_1607643729.html,China (Mainland),"Cangzhou Vantaa Metal Products Co., Ltd.",http___i01.i.aliimg.com_photo_v29_1607643729_Factory_Ferro_silicon_75.jpg,US $600-1200 / Metric Ton ( FOB Price),"Place of Origin: CN;HEB
																																												; Brand Name: Vantaa
																																												; Alloy Or Not: Non-alloy
																																												; Model Number: Vantaa_Si
																																												; Secondary Or Not: Non-secondary
																																												; Color: Silver Gray
																																												; Certificate: SGS ,ISO,CIQ"
Silicon Metal 3303,2080,2150,24,Tons,51600.0,http://www.alibaba.com/product-detail/Silicon-Metal-3303_701366100.html,China (Mainland),"Yongkang City Damour Industry & Trade Co., Ltd.",http___i00.i.aliimg.com_photo_v0_701366100_Silicon_Metal_3303.jpg,US $2080-2150 / Ton ( FOB Price),"Place of Origin: CN
																																												; Dimensions: 10-100 mm per block
																																												; Brand Name: Golden Bull
																																												; Alloy Or Not: Non-alloy
																																												; Model Number: 553 441 3303
																																												; Weight: 1 ton
																																												; color: metal gray
																																												; shape: irregular
																																												; Chemical Composition: Si.Fe. Al. Ca"
Silicon Metal 553 441,2080,2150,24,Tons,51600.0,http://www.alibaba.com/product-detail/Silicon-Metal-553-441_1186159117.html,China (Mainland),"Yongkang City Damour Industry & Trade Co., Ltd.",http___i01.i.aliimg.com_photo_v0_1186159117_Silicon_Metal_553_441.jpg,US $2080-2150 / Ton ( FOB Price),"Place of Origin: CN
																																												; Dimensions: 10-100 mm per block
																																												; Brand Name: Golden Bull
																																												; Alloy Or Not: Non-alloy
																																												; Model Number: 553 441 3303
																																												; Weight: 1 ton
																																												; color: metal gray
																																												; shape: irregular
																																												; Chemical Composition: Si.Fe. Al. Ca"
silicon metal 553,1,100000,1,Gram,100000.0,http://www.alibaba.com/product-detail/silicon-metal-553_1388202303.html,China (Mainland),"Shanghai Ruizheng Chemical Technology Co., Ltd.",http___i01.i.aliimg.com_photo_v0_1388202303_silicon_metal_553.jpg,US $1-100000 / Kilogram ( FOB Price),"Brand Name: Richest Group
																																												; Packaging Detail: in plastic woven big bags of 1000kgs net each
																																												; Delivery Detail: prompt shippment within 15 days"
Silicon metal 441/553/551,1500,1850,20,Metric,37000.0,http://www.alibaba.com/product-detail/Silicon-metal-441-553-551_139341404.html,Other Country,"Wuhan Wanbangde Industry&Trade Co,.Ltd",http___i00.i.aliimg.com_photo_v141_139341404_Silicon_metal_441_553_551.jpg,US $1500-1850 / Metric Ton ( FOB Price),"Place of Origin: CN;HUB
																																												; Brand Name: Wanbangde
																																												; Alloy Or Not: Non-alloy
																																												; Weight: as customer's requirements"
Round Monocrystalline silicon Ingots,30,55,1000,Kilograms,55000.0,http://www.alibaba.com/product-detail/Round-Monocrystalline-silicon-Ingots_104670278.html,Russian Federation,"JSC ""OPORA"" TRADE COMPANY",http___i00.i.aliimg.com_photo_v1_104670278_Round_Monocrystalline_silicon_Ingots.jpg,US $30-55 / Kilogram ( FOB Price),Place of Origin: Russian Federation
Round Polycrystalline silicon Ingots,33,50,100,Kilograms,5000.0,http://www.alibaba.com/product-detail/Round-Polycrystalline-silicon-Ingots_104009154.html,Russian Federation,"JSC ""OPORA"" TRADE COMPANY",http___i00.i.aliimg.com_photo_v1_104009154_Round_Polycrystalline_silicon_Ingots.jpg,US $33-50 / Kilogram ( FOB Price),Place of Origin: Russian Federation
Mono silicon Ingots,38,55,180,Kilograms,9900.0,http://www.alibaba.com/product-detail/Mono-silicon-Ingots_100589168.html,Russian Federation,"JSC ""OPORA"" TRADE COMPANY",http___i00.i.aliimg.com_photo_v1_100589168_Mono_silicon_Ingots.jpg,US $38-55 / Kilogram ( FOB Price),"Place of Origin: Russian Federation
																																												; Brand Name: KDB 0.5-3"
Silicon ingots,50,150,10,Kilograms,1500.0,http://www.alibaba.com/product-detail/Silicon-ingots_125369948.html,United States,ICL 72,http___i00.i.aliimg.com_photo_v0_125369948_Silicon_ingots.jpg,US $50-150 / Kilogram ( FOB Price),"Place of Origin: US;23161
																																												; Secondary Or Not: Non-secondary
																																												; Alloy Or Not: Non-alloy
																																												; Grade: 9N (99.9999999%)"
"Ferro Silicon 75%, 72% CHINA ;VIETNAM",1130,1150,25,Metric,28750.0,http://www.alibaba.com/product-detail/Ferro-Silicon-75-72-CHINA-VIETNAM_123104722.html,Austria,ZIOCHEM I/E CO LTD,http___i00.i.aliimg.com_photo_v0_123104722_Ferro_Silicon_75_72_CHINA_VIETNAM.jpg,US $1130-1150 / Metric Ton ( FOB Price),
polycrystalline silicon,75,77,5,Boxes,385.0,http://www.alibaba.com/product-detail/polycrystalline-silicon_115845205.html,Ukraine,K&M Ltd,http___i01.i.aliimg.com_photo_v0_115845205_polycrystalline_silicon.jpg,US $75-77 / Kilogram ( FOB Price),
Silicon Wafer,20,50000,100,Kilograms,5000000.0,http://www.alibaba.com/product-detail/Silicon-Wafer_115673552.html,South Korea,SSR KOREA,http___i00.i.aliimg.com_photo_v0_115673552_Silicon_Wafer.jpg,US $20-50000 / Kilogram ( FOB Price),
monocrystalline Silicon Ingot,70,140,100,Kilograms,14000.0,http://www.alibaba.com/product-detail/monocrystalline-Silicon-Ingot_100238407.html,Russian Federation,Gloria Enterprise Group,http___i01.i.aliimg.com_photo_v0_100238407_monocrystalline_Silicon_Ingot.jpg,US $70-140 / Kilogram ( FOB Price),
"MonoCrystalline Silicon Ingots 9N, 11N, 12N",2,000,2000,Metric,0.0,http://www.alibaba.com/product-detail/MonoCrystalline-Silicon-Ingots-9N-11N-12N_105231437.html,United States,"PHOTETICA, INC",http___i01.i.aliimg.com_photo_v0_105231437_MonoCrystalline_Silicon_Ingots_9N_11N_12N.jpg,"US $2,000,000",
Mono silicon ingot,115,120,5000,Kilograms,600000.0,http://www.alibaba.com/product-detail/Mono-silicon-ingot_105456998.html,South Korea,Sinohaiin Trading Company,http___i00.i.aliimg.com_photo_v0_105456998_Mono_silicon_ingot.jpg,US $115-120,
Silicon Ingot & Wafer Scrap,350,650,100,Kilograms,65000.0,http://www.alibaba.com/product-detail/Silicon-Ingot-Wafer-Scrap_101534534.html,Malaysia,BEST ONLINE SHOPPING,http___i00.i.aliimg.com_photo_v0_101534534_Silicon_Ingot_Wafer_Scrap.jpg,US $350-650,
Tops/Tails/ ingots,38,40,150,Kilograms,6000.0,http://www.alibaba.com/product-detail/Tops-Tails-ingots_111497169.html,United States,SiSe Services,http___i01.i.aliimg.com_photo_v0_111497169_Tops_Tails_ingots.jpg,US $38-40 / Kilogram ( FOB Price),
Granular Polysilicon,47,55,1000,Kilograms,55000.0,http://www.alibaba.com/product-detail/Granular-Polysilicon_111474115.html,United States,SiSe Services,http___i01.i.aliimg.com_photo_v0_111474115_Granular_Polysilicon.jpg,US $47-55 / Kilogram ( FOB Price),
6N silicon nuggets,20,20,18000,Kilograms,360000.0,http://www.alibaba.com/product-detail/6N-silicon-nuggets_109995130.html,Cyprus,Proplan Ltd,http___i00.i.aliimg.com_photo_v0_109995130_6N_silicon_nuggets.jpg,US $20 / Kilogram ( FOB Price),
silicon ingots,140,160,100,Kilograms,16000.0,http://www.alibaba.com/product-detail/silicon-ingots_105663340.html,Ukraine,Vektor,http___i00.i.aliimg.com_photo_v0_105663340_silicon_ingots.jpg,US $140-160,
silicon ingots,140,160,100,Kilograms,16000.0,http://www.alibaba.com/product-detail/silicon-ingots_105660469.html,Ukraine,Vektor,http___i01.i.aliimg.com_photo_v0_105660469_silicon_ingots.jpg,US $140-160,
